record_type,construct_number,construct_id,family_id,family_name,construct_name,feature_id,evidence,original_design_status,original_intended_tasks,original_analysis_unit,original_sampling_window_policy,original_estimator_formula,original_aggregation,current_concrete_outputs,current_availability,selectable,actual_implementation,actual_task_recommendation,actual_analysis_unit,actual_sampling_window_policy,actual_aggregation,required_upstream_input,requires_alignment,requires_ddk_events,requires_special_annotation,repeated_trial_behavior,manual_exclusion_behavior,implementation_tests,reference_validation,real_data_validation,clinical_validation,gui_representation,design_comparison,known_issue,decision_action_required,recommended_final_state,status,implemented,executor,calculator_function,algorithm_version,parameter_profile,unit,range_guardrail,task_recommendations,signal_region,analysis_unit,fs_policy,frame_window_hop,aggregation,prerequisite,output_type,output_artifact,failure_nan_behavior,provenance,tests,reference_parity,current_known_issue,id_provenance
CONSTRUCT,1,C001,F01,F0 and pitch variability,Fundamental frequency (F0),f0_mean_hz | f0_median_hz,NOT ESTABLISHED,PROD,"Sustained /a/, Bamboo, WSTG",Speech · Frames,5 ms step · 48 kHz,Praat autocorr · voiced gate,mean F0; median QC,f0_mean_hz | f0_median_hz,IMPLEMENTED,True,mean(valid F0 in Hz); median(valid F0 in Hz),Sustained /a/,Voiced frames,"native recording rate; private copy only where specified; {""pitch_floor_hz"": 60, ""pitch_ceiling_hz"": 500, ""time_step_sec"": 0.005, ""minimum_valid_frames"": 20, ""minimum_sustained_tracking_yield"": 0.8}",mean(valid F0 in Hz),final reviewed segmentation; voiced/stable region,False,False,False,F0 frames and pulses carry trial_id in native audit files; selected scalars pool frames across the recording.,Reviewed speech/stable region and exclusion boundaries determine eligible analysis; frames keep original times.,test_family01_f0.py; test_family01_reviewed_f0.py,NOT_DONE,NOT_DONE,NOT_DONE,Selectable child leaf,MATCH,Compare Praat tracking and octave-error behavior with independent reference signals; decide whether trial-wise reporting is needed.,Compare Praat tracking and octave-error behavior with independent reference signals; decide whether trial-wise reporting is needed.,SOFTWARE READY — REFERENCE VALIDATION NEEDED,,,,,,,,,,,,,,,,,,,,,,,
CONSTRUCT,2,C002,F01,F0 and pitch variability,Frequency variability (vF0),f0_sd_st | f0_iqr_st | f0_range_st,NOT ESTABLISHED,VARIANT,Sustained /a/,Speech · Frames,5 ms F0 step · 48 kHz,QC F0 track → SD / IQR / range,"emit SD, IQR, range separately",f0_sd_st | f0_iqr_st | f0_range_st,IMPLEMENTED,True,sample SD(12 log2(F0/median F0)); Q75(st)-Q25(st); max(st)-min(st),Bamboo,Voiced frames,"native recording rate; private copy only where specified; {""pitch_floor_hz"": 60, ""pitch_ceiling_hz"": 500, ""time_step_sec"": 0.005, ""minimum_valid_frames"": 20, ""minimum_sustained_tracking_yield"": 0.8}",sample SD(12 log2(F0/median F0)),final reviewed segmentation; voiced/stable region,False,False,False,F0 frames and pulses carry trial_id in native audit files; selected scalars pool frames across the recording.,Reviewed speech/stable region and exclusion boundaries determine eligible analysis; frames keep original times.,test_family01_f0.py; test_family01_reviewed_f0.py,NOT_DONE,NOT_DONE,NOT_DONE,Selectable child leaf,MATCH,Compare Praat tracking and octave-error behavior with independent reference signals; decide whether trial-wise reporting is needed.,Compare Praat tracking and octave-error behavior with independent reference signals; decide whether trial-wise reporting is needed.,SOFTWARE READY — REFERENCE VALIDATION NEEDED,,,,,,,,,,,,,,,,,,,,,,,
CONSTRUCT,3,C003,F01,F0 and pitch variability,Phonatory frequency range (PFR),pfr_maxmin_st,LIMITED,PROD,Sustained /a/,Speech · Frames,5 ms F0 step · 48 kHz,QC F0 track → semitone span,max−min F0 → semitones,pfr_maxmin_st,IMPLEMENTED,True,12 log2(max valid F0/min valid F0),Sustained /a/,Voiced frames,"native recording rate; private copy only where specified; {""pitch_floor_hz"": 60, ""pitch_ceiling_hz"": 500, ""time_step_sec"": 0.005, ""minimum_valid_frames"": 20, ""minimum_sustained_tracking_yield"": 0.8}",12 log2(max valid F0/min valid F0),final reviewed segmentation; voiced/stable region,False,False,False,F0 frames and pulses carry trial_id in native audit files; selected scalars pool frames across the recording.,Reviewed speech/stable region and exclusion boundaries determine eligible analysis; frames keep original times.,test_family01_f0.py; test_family01_reviewed_f0.py,NOT_DONE,NOT_DONE,NOT_DONE,Selectable child leaf,MATCH,Compare Praat tracking and octave-error behavior with independent reference signals; decide whether trial-wise reporting is needed.,Compare Praat tracking and octave-error behavior with independent reference signals; decide whether trial-wise reporting is needed.,SOFTWARE READY — REFERENCE VALIDATION NEEDED,,,,,,,,,,,,,,,,,,,,,,,
CONSTRUCT,4,C004,F01,F0 and pitch variability,Intonation marker (F0 variability composite),intonation_f0_sd_st | intonation_f0_iqr_st | intonation_factor_score_if_frozen,LIMITED,RESEARCH,Bamboo,Speech · Frames,F0 track; source 10/20 ms · 48 kHz,QC F0 track → source composite,components; factor only if frozen,intonation_f0_sd_st | intonation_f0_iqr_st | intonation_factor_score_if_frozen,PARTIAL,True,sample SD(12 log2(F0/median F0)); Q75(st)-Q25(st),Bamboo,Voiced frames,"native recording rate; private copy only where specified; {""pitch_floor_hz"": 60, ""pitch_ceiling_hz"": 500, ""time_step_sec"": 0.005, ""minimum_valid_frames"": 20, ""minimum_sustained_tracking_yield"": 0.8}",sample SD(12 log2(F0/median F0)),final reviewed segmentation; voiced/stable region,False,False,False,F0 frames and pulses carry trial_id in native audit files; selected scalars pool frames across the recording.,Reviewed speech/stable region and exclusion boundaries determine eligible analysis; frames keep original times.,test_family01_f0.py; test_family01_reviewed_f0.py,NOT_DONE,NOT_DONE,NOT_DONE,Selectable child leaf,PARTIAL,Compare Praat tracking and octave-error behavior with independent reference signals; decide whether trial-wise reporting is needed.,Compare Praat tracking and octave-error behavior with independent reference signals; decide whether trial-wise reporting is needed.,SOFTWARE READY — REFERENCE VALIDATION NEEDED,,,,,,,,,,,,,,,,,,,,,,,
CONSTRUCT,5,C005,F02,"Voice quality, perturbation and noise",Jitter,jitter_local_pct | jitter_absolute_s | jitter_rap_pct | jitter_ppq5_pct | jitter_ddp_pct,MODERATE,VARIANT,"Sustained /a/, Bamboo, WSTG",Speech · Cycles,cycle-level · 48 kHz,Praat PointProcess · stable /a/,one value/variant over valid cycles,jitter_local_pct | jitter_absolute_s | jitter_rap_pct | jitter_ppq5_pct | jitter_ddp_pct,IMPLEMENTED,True,100 × Praat local jitter; Praat local absolute jitter; 100 × Praat RAP jitter; 100 × Praat PPQ5 jitter; 100 × Praat DDP jitter,Sustained /a/,Cycles,"native recording rate; private copy only where specified; {""pitch_floor_hz"": 60, ""pitch_ceiling_hz"": 500, ""period_floor_sec"": 0.0016, ""period_ceiling_sec"": 0.020833333333333332, ""max_period_factor"": 1.3, ""max_amplitude_factor"": 1.6, ""hnr_time_step_sec"": 0.01, ""hnr_periods_per_window"": 4.5}",100 × Praat local jitter,final reviewed segmentation; voiced/stable region,False,False,False,Voice-quality scalars use the selected recording region; no per-trial result is emitted.,Shares the reviewed voice region; excluded intervals are omitted from feature input.,test_family02_voice_quality.py; mixed voice integration,NOT_DONE,NOT_DONE,NOT_DONE,Selectable child leaf,MATCH,"CPP/CPPS, GNE/PVI and H1–H8 source methods remain unavailable; validate implemented perturbation measures against a reference implementation.","CPP/CPPS, GNE/PVI and H1–H8 source methods remain unavailable; validate implemented perturbation measures against a reference implementation.",PARTIALLY IMPLEMENTED — DEFINITION WORK REQUIRED,,,,,,,,,,,,,,,,,,,,,,,
CONSTRUCT,6,C006,F02,"Voice quality, perturbation and noise",Shimmer,shimmer_local_pct | shimmer_local_db | shimmer_apq3_pct | shimmer_apq5_pct | shimmer_apq11_pct | shimmer_dda_pct,MODERATE,VARIANT,"Sustained /a/, Bamboo, WSTG",Speech · Cycles,cycle-level · 48 kHz,Praat PointProcess · stable /a/,one value/variant over valid cycles,shimmer_local_pct | shimmer_local_db | shimmer_apq3_pct | shimmer_apq5_pct | shimmer_apq11_pct | shimmer_dda_pct,IMPLEMENTED,True,100 × Praat local shimmer; Praat local-dB shimmer; 100 × Praat APQ3 shimmer; 100 × Praat APQ5 shimmer; 100 × Praat APQ11 shimmer; 100 × 3 × Praat APQ3 shimmer,Sustained /a/,Cycles,"native recording rate; private copy only where specified; {""pitch_floor_hz"": 60, ""pitch_ceiling_hz"": 500, ""period_floor_sec"": 0.0016, ""period_ceiling_sec"": 0.020833333333333332, ""max_period_factor"": 1.3, ""max_amplitude_factor"": 1.6, ""hnr_time_step_sec"": 0.01, ""hnr_periods_per_window"": 4.5}",100 × Praat local shimmer,final reviewed segmentation; voiced/stable region,False,False,False,Voice-quality scalars use the selected recording region; no per-trial result is emitted.,Shares the reviewed voice region; excluded intervals are omitted from feature input.,test_family02_voice_quality.py; mixed voice integration,NOT_DONE,NOT_DONE,NOT_DONE,Selectable child leaf,MATCH,"CPP/CPPS, GNE/PVI and H1–H8 source methods remain unavailable; validate implemented perturbation measures against a reference implementation.","CPP/CPPS, GNE/PVI and H1–H8 source methods remain unavailable; validate implemented perturbation measures against a reference implementation.",PARTIALLY IMPLEMENTED — DEFINITION WORK REQUIRED,,,,,,,,,,,,,,,,,,,,,,,
CONSTRUCT,7,C007,F02,"Voice quality, perturbation and noise",Harmonic-to-noise ratio (HNR),hnr_mean_db,MODERATE,PROD,"Sustained /a/, Bamboo, WSTG",Speech · Frames,10 ms step · 48 kHz,Praat Harmonicity · voiced gate,mean valid-frame HNR,hnr_mean_db,IMPLEMENTED,True,mean Praat cross-correlation Harmonicity,Sustained /a/,Voiced frames,"native recording rate; private copy only where specified; {""pitch_floor_hz"": 60, ""pitch_ceiling_hz"": 500, ""period_floor_sec"": 0.0016, ""period_ceiling_sec"": 0.020833333333333332, ""max_period_factor"": 1.3, ""max_amplitude_factor"": 1.6, ""hnr_time_step_sec"": 0.01, ""hnr_periods_per_window"": 4.5}",mean Praat cross-correlation Harmonicity,final reviewed segmentation; voiced/stable region,False,False,False,Voice-quality scalars use the selected recording region; no per-trial result is emitted.,Shares the reviewed voice region; excluded intervals are omitted from feature input.,test_family02_voice_quality.py; mixed voice integration,NOT_DONE,NOT_DONE,NOT_DONE,Selectable child leaf,MATCH,"CPP/CPPS, GNE/PVI and H1–H8 source methods remain unavailable; validate implemented perturbation measures against a reference implementation.","CPP/CPPS, GNE/PVI and H1–H8 source methods remain unavailable; validate implemented perturbation measures against a reference implementation.",PARTIALLY IMPLEMENTED — DEFINITION WORK REQUIRED,,,,,,,,,,,,,,,,,,,,,,,
CONSTRUCT,8,C008,F02,"Voice quality, perturbation and noise",Glottal-to-noise excitation ratio (GNE),gne_source_replication_only,NOT ESTABLISHED,RESEARCH,Sustained /a/,Speech · Segments,source-specific · 48 kHz,Hilbert filter-bank GNE,mean GNE after source parity,gne_source_replication_only,NOT_IMPLEMENTED,False,No executable calculator,Sustained /a/,Voiced frames,"native recording rate; private copy only where specified; {""pitch_floor_hz"": 60, ""pitch_ceiling_hz"": 500, ""period_floor_sec"": 0.0016, ""period_ceiling_sec"": 0.020833333333333332, ""max_period_factor"": 1.3, ""max_amplitude_factor"": 1.6, ""hnr_time_step_sec"": 0.01, ""hnr_periods_per_window"": 4.5}",source cross-band Hilbert-envelope correlation,final reviewed segmentation; voiced/stable region,False,False,False,Voice-quality scalars use the selected recording region; no per-trial result is emitted.,Shares the reviewed voice region; excluded intervals are omitted from feature input.,test_family02_voice_quality.py; mixed voice integration,NOT_DONE,NOT_DONE,NOT_DONE,Visible unavailable leaf/construct or unresolved template; nonselectable,UNRESOLVED,"CPP/CPPS, GNE/PVI and H1–H8 source methods remain unavailable; validate implemented perturbation measures against a reference implementation.","CPP/CPPS, GNE/PVI and H1–H8 source methods remain unavailable; validate implemented perturbation measures against a reference implementation.",PARTIALLY IMPLEMENTED — DEFINITION WORK REQUIRED,,,,,,,,,,,,,,,,,,,,,,,
CONSTRUCT,9,C009,F02,"Voice quality, perturbation and noise",Pathological vibrato index (PVI),pvi_9_14hz_source,NOT ESTABLISHED,RESEARCH,Sustained /a/,Speech · Frames,1 s Welch; 95% ovlp · 48 kHz,F0 → 9–14 Hz BP → Welch,sum 9–14 Hz modulation amplitude,pvi_9_14hz_source,NOT_IMPLEMENTED,False,No executable calculator,Sustained /a/,F0 contour,"native recording rate; private copy only where specified; {""pitch_floor_hz"": 60, ""pitch_ceiling_hz"": 500, ""period_floor_sec"": 0.0016, ""period_ceiling_sec"": 0.020833333333333332, ""max_period_factor"": 1.3, ""max_amplitude_factor"": 1.6, ""hnr_time_step_sec"": 0.01, ""hnr_periods_per_window"": 4.5}","source F0-modulation spectrum, 9–14 Hz",final reviewed segmentation; voiced/stable region,False,False,False,Voice-quality scalars use the selected recording region; no per-trial result is emitted.,Shares the reviewed voice region; excluded intervals are omitted from feature input.,test_family02_voice_quality.py; mixed voice integration,NOT_DONE,NOT_DONE,NOT_DONE,Visible unavailable leaf/construct or unresolved template; nonselectable,UNRESOLVED,"CPP/CPPS, GNE/PVI and H1–H8 source methods remain unavailable; validate implemented perturbation measures against a reference implementation.","CPP/CPPS, GNE/PVI and H1–H8 source methods remain unavailable; validate implemented perturbation measures against a reference implementation.",PARTIALLY IMPLEMENTED — DEFINITION WORK REQUIRED,,,,,,,,,,,,,,,,,,,,,,,
CONSTRUCT,10,C010,F02,"Voice quality, perturbation and noise",Cepstral peak prominence (CPP),cpp_db | cpps_db,LIMITED,PROD,"Sustained /a/, Bamboo",Speech · Frames,2 ms step; 20 ms smooth · 48 kHz,Praat PowerCepstrogram,mean CPPS across frames,cpp_db | cpps_db,NOT_IMPLEMENTED,False,No executable calculator,Sustained /a/,Voiced frames,"native recording rate; private copy only where specified; {""pitch_floor_hz"": 60, ""pitch_ceiling_hz"": 500, ""period_floor_sec"": 0.0016, ""period_ceiling_sec"": 0.020833333333333332, ""max_period_factor"": 1.3, ""max_amplitude_factor"": 1.6, ""hnr_time_step_sec"": 0.01, ""hnr_periods_per_window"": 4.5}",unsmoothed cepstral peak above fitted baseline,final reviewed segmentation; voiced/stable region,False,False,False,Voice-quality scalars use the selected recording region; no per-trial result is emitted.,Shares the reviewed voice region; excluded intervals are omitted from feature input.,test_family02_voice_quality.py; mixed voice integration,NOT_DONE,NOT_DONE,NOT_DONE,Visible unavailable leaf/construct or unresolved template; nonselectable,UNRESOLVED,"CPP/CPPS, GNE/PVI and H1–H8 source methods remain unavailable; validate implemented perturbation measures against a reference implementation.","CPP/CPPS, GNE/PVI and H1–H8 source methods remain unavailable; validate implemented perturbation measures against a reference implementation.",PARTIALLY IMPLEMENTED — DEFINITION WORK REQUIRED,,,,,,,,,,,,,,,,,,,,,,,
CONSTRUCT,11,C011,F02,"Voice quality, perturbation and noise",Directional perturbation factor (DFP),dfp_pct,NOT ESTABLISHED,PROD,Sustained /a/,Speech · Cycles,cycle-level · 48 kHz,PointProcess periods → sign reversals,% direction reversals,dfp_pct,IMPLEMENTED,True,100 × sign reversals in adjacent period differences / (N-2),Sustained /a/,Cycles,"native recording rate; private copy only where specified; {""pitch_floor_hz"": 60, ""pitch_ceiling_hz"": 500, ""period_floor_sec"": 0.0016, ""period_ceiling_sec"": 0.020833333333333332, ""max_period_factor"": 1.3, ""max_amplitude_factor"": 1.6, ""hnr_time_step_sec"": 0.01, ""hnr_periods_per_window"": 4.5}",100 × sign reversals in adjacent period differences / (N-2),final reviewed segmentation; voiced/stable region,False,False,False,Voice-quality scalars use the selected recording region; no per-trial result is emitted.,Shares the reviewed voice region; excluded intervals are omitted from feature input.,test_family02_voice_quality.py; mixed voice integration,NOT_DONE,NOT_DONE,NOT_DONE,Selectable child leaf,MATCH,"CPP/CPPS, GNE/PVI and H1–H8 source methods remain unavailable; validate implemented perturbation measures against a reference implementation.","CPP/CPPS, GNE/PVI and H1–H8 source methods remain unavailable; validate implemented perturbation measures against a reference implementation.",PARTIALLY IMPLEMENTED — DEFINITION WORK REQUIRED,,,,,,,,,,,,,,,,,,,,,,,
CONSTRUCT,12,C012,F02,"Voice quality, perturbation and noise",Harmonic-structure features (mean/SD/RelH of first 8 harmonics),harmonic_h1_h8_mean | harmonic_h1_h8_sd | relh_h1_h8,LIMITED,RESEARCH,Sustained /a/,Speech · Cycles,8 cycles; I=512 · 48 kHz,pitch-sync spectrum · H1–H8,per-harmonic mean/SD + RelH,harmonic_h1_h8_mean | harmonic_h1_h8_sd | relh_h1_h8,NOT_IMPLEMENTED,False,No executable calculator,Sustained /a/,Cycles,"native recording rate; private copy only where specified; {""pitch_floor_hz"": 60, ""pitch_ceiling_hz"": 500, ""period_floor_sec"": 0.0016, ""period_ceiling_sec"": 0.020833333333333332, ""max_period_factor"": 1.3, ""max_amplitude_factor"": 1.6, ""hnr_time_step_sec"": 0.01, ""hnr_periods_per_window"": 4.5}",pitch-synchronous mean H1–H8 amplitude,final reviewed segmentation; voiced/stable region,False,False,False,Voice-quality scalars use the selected recording region; no per-trial result is emitted.,Shares the reviewed voice region; excluded intervals are omitted from feature input.,test_family02_voice_quality.py; mixed voice integration,NOT_DONE,NOT_DONE,NOT_DONE,Visible unavailable leaf/construct or unresolved template; nonselectable,UNRESOLVED,"CPP/CPPS, GNE/PVI and H1–H8 source methods remain unavailable; validate implemented perturbation measures against a reference implementation.","CPP/CPPS, GNE/PVI and H1–H8 source methods remain unavailable; validate implemented perturbation measures against a reference implementation.",PARTIALLY IMPLEMENTED — DEFINITION WORK REQUIRED,,,,,,,,,,,,,,,,,,,,,,,
CONSTRUCT,13,C013,F03,Laryngeal biomechanical measures,Glottal closure force and phonatory effort index,,LIMITED,BLOCKED,Sustained /a/,Speech · Cycles,source-specific · 48 kHz,PROPRIETARY · no public method,blocked / source-specific,,NOT_IMPLEMENTED,False,No executable calculator,Sustained /a/,No public output,No public parameter profile,No public aggregation,Not executable,False,False,False,No calculator or trial output.,Not applicable: no calculation.,definition/registry closure tests only,NOT_DONE,NOT_DONE,NOT_DONE,Visible unavailable leaf/construct or unresolved template; nonselectable,UNRESOLVED,Proprietary estimators and physical scales are undisclosed. Do not substitute generic glottal proxies.,Proprietary estimators and physical scales are undisclosed. Do not substitute generic glottal proxies.,INTENTIONALLY UNAVAILABLE,,,,,,,,,,,,,,,,,,,,,,,
CONSTRUCT,14,C014,F03,Laryngeal biomechanical measures,Glottal cycle phase proportion (open/closed/approximation quotients),,LIMITED,BLOCKED,Sustained /a/,Speech · Cycles,cycle-level · 48 kHz,PROPRIETARY · no public method,% cycle phase,,NOT_IMPLEMENTED,False,No executable calculator,Sustained /a/,No public output,No public parameter profile,No public aggregation,Not executable,False,False,False,No calculator or trial output.,Not applicable: no calculation.,definition/registry closure tests only,NOT_DONE,NOT_DONE,NOT_DONE,Visible unavailable leaf/construct or unresolved template; nonselectable,UNRESOLVED,Proprietary estimators and physical scales are undisclosed. Do not substitute generic glottal proxies.,Proprietary estimators and physical scales are undisclosed. Do not substitute generic glottal proxies.,INTENTIONALLY UNAVAILABLE,,,,,,,,,,,,,,,,,,,,,,,
CONSTRUCT,15,C015,F03,Laryngeal biomechanical measures,Mucosal wave correlate (opening/closing phase),,LIMITED,BLOCKED,Sustained /a/,Speech · Cycles,source-specific · 48 kHz,PROPRIETARY · no public method,blocked / source-specific,,NOT_IMPLEMENTED,False,No executable calculator,Sustained /a/,No public output,No public parameter profile,No public aggregation,Not executable,False,False,False,No calculator or trial output.,Not applicable: no calculation.,definition/registry closure tests only,NOT_DONE,NOT_DONE,NOT_DONE,Visible unavailable leaf/construct or unresolved template; nonselectable,UNRESOLVED,Proprietary estimators and physical scales are undisclosed. Do not substitute generic glottal proxies.,Proprietary estimators and physical scales are undisclosed. Do not substitute generic glottal proxies.,INTENTIONALLY UNAVAILABLE,,,,,,,,,,,,,,,,,,,,,,,
CONSTRUCT,16,C016,F03,Laryngeal biomechanical measures,Proportion of amplitude tremor (PAT),,LIMITED,BLOCKED,Sustained /a/,Speech · Cycles,source-specific · 48 kHz,PROPRIETARY · no public method,source-specific proportion,,NOT_IMPLEMENTED,False,No executable calculator,Sustained /a/,No public output,No public parameter profile,No public aggregation,Not executable,False,False,False,No calculator or trial output.,Not applicable: no calculation.,definition/registry closure tests only,NOT_DONE,NOT_DONE,NOT_DONE,Visible unavailable leaf/construct or unresolved template; nonselectable,UNRESOLVED,Proprietary estimators and physical scales are undisclosed. Do not substitute generic glottal proxies.,Proprietary estimators and physical scales are undisclosed. Do not substitute generic glottal proxies.,INTENTIONALLY UNAVAILABLE,,,,,,,,,,,,,,,,,,,,,,,
CONSTRUCT,17,C017,F03,Laryngeal biomechanical measures,Vocal fold edge separation / glottal gap index,,LIMITED,BLOCKED,Sustained /a/,Speech · Cycles,source-specific · 48 kHz,PROPRIETARY · no public method,blocked / source-specific,,NOT_IMPLEMENTED,False,No executable calculator,Sustained /a/,No public output,No public parameter profile,No public aggregation,Not executable,False,False,False,No calculator or trial output.,Not applicable: no calculation.,definition/registry closure tests only,NOT_DONE,NOT_DONE,NOT_DONE,Visible unavailable leaf/construct or unresolved template; nonselectable,UNRESOLVED,Proprietary estimators and physical scales are undisclosed. Do not substitute generic glottal proxies.,Proprietary estimators and physical scales are undisclosed. Do not substitute generic glottal proxies.,INTENTIONALLY UNAVAILABLE,,,,,,,,,,,,,,,,,,,,,,,
CONSTRUCT,18,C018,F03,Laryngeal biomechanical measures,Vocal fold oedema correlate (opening/closing phase),,LIMITED,BLOCKED,Sustained /a/,Speech · Cycles,source-specific · 48 kHz,PROPRIETARY · no public method,blocked / source-specific,,NOT_IMPLEMENTED,False,No executable calculator,Sustained /a/,No public output,No public parameter profile,No public aggregation,Not executable,False,False,False,No calculator or trial output.,Not applicable: no calculation.,definition/registry closure tests only,NOT_DONE,NOT_DONE,NOT_DONE,Visible unavailable leaf/construct or unresolved template; nonselectable,UNRESOLVED,Proprietary estimators and physical scales are undisclosed. Do not substitute generic glottal proxies.,Proprietary estimators and physical scales are undisclosed. Do not substitute generic glottal proxies.,INTENTIONALLY UNAVAILABLE,,,,,,,,,,,,,,,,,,,,,,,
CONSTRUCT,19,C019,F03,Laryngeal biomechanical measures,Vocal fold structural imbalance index,,LIMITED,BLOCKED,Sustained /a/,Speech · Cycles,source-specific · 48 kHz,PROPRIETARY · no public method,blocked / source-specific,,NOT_IMPLEMENTED,False,No executable calculator,Sustained /a/,No public output,No public parameter profile,No public aggregation,Not executable,False,False,False,No calculator or trial output.,Not applicable: no calculation.,definition/registry closure tests only,NOT_DONE,NOT_DONE,NOT_DONE,Visible unavailable leaf/construct or unresolved template; nonselectable,UNRESOLVED,Proprietary estimators and physical scales are undisclosed. Do not substitute generic glottal proxies.,Proprietary estimators and physical scales are undisclosed. Do not substitute generic glottal proxies.,INTENTIONALLY UNAVAILABLE,,,,,,,,,,,,,,,,,,,,,,,
CONSTRUCT,20,C020,F03,Laryngeal biomechanical measures,Vocal fold vibratory instability and blockage index,,LIMITED,BLOCKED,Sustained /a/,Speech · Cycles,source-specific · 48 kHz,PROPRIETARY · no public method,blocked / source-specific,,NOT_IMPLEMENTED,False,No executable calculator,Sustained /a/,No public output,No public parameter profile,No public aggregation,Not executable,False,False,False,No calculator or trial output.,Not applicable: no calculation.,definition/registry closure tests only,NOT_DONE,NOT_DONE,NOT_DONE,Visible unavailable leaf/construct or unresolved template; nonselectable,UNRESOLVED,Proprietary estimators and physical scales are undisclosed. Do not substitute generic glottal proxies.,Proprietary estimators and physical scales are undisclosed. Do not substitute generic glottal proxies.,INTENTIONALLY UNAVAILABLE,,,,,,,,,,,,,,,,,,,,,,,
CONSTRUCT,21,C021,F04,Formant and vowel-space measures,Second formant (F2),f2_token_hz | f2_vowel_median_hz,NOT ESTABLISHED,PROD,"Sustained /a/, Bamboo, WSTG",Speech · Frames,25/5 ms · 48 kHz,MFA vowel align → Praat Burg LPC,token median → vowel median,f2_token_hz | f2_vowel_median_hz,IMPLEMENTED,True,median valid F2 frames over token middle 50%; median valid token F2 medians by target vowel,Bamboo,Aligned vowel token,"native recording rate; private copy only where specified; {""window_length_ms"": 25, ""time_step_ms"": 5, ""max_formants"": 5, ""pre_emphasis_from_hz"": 50, ""formant_ceiling_hz"": 5500, ""sensitivity_ceiling_hz"": 5000, ""minimum_token_ms"": 50, ""minimum_valid_frames"": 3}",median valid F2 frames over token middle 50%,final reviewed segmentation; final linguistic Alignment,True,False,True,Token and vowel tables do not carry trial_id. Vowel-category centroids pool valid tokens across trials within a recording.,Final Alignment phones within reviewed eligible audio; manual exclusions cannot become vowel tokens.,test_family04_formants.py; aligned/mixed integration,NOT_DONE,NOT_DONE,NOT_DONE,Selectable child leaf,MATCH,Token tables lack trial_id and vowel centroids pool repetitions; confirm the intended reporting unit and category mapping.,Token tables lack trial_id and vowel centroids pool repetitions; confirm the intended reporting unit and category mapping.,SCIENTIFIC CONTRACT NEEDS REVIEW,,,,,,,,,,,,,,,,,,,,,,,
CONSTRUCT,22,C022,F04,Formant and vowel-space measures,First formant (F1),f1_token_hz | f1_vowel_median_hz,NOT ESTABLISHED,PROD,"Bamboo, WSTG",Speech · Frames,25/5 ms · 48 kHz,MFA vowel align → Praat Burg LPC,token median → vowel median,f1_token_hz | f1_vowel_median_hz,IMPLEMENTED,True,median valid F1 frames over token middle 50%; median valid token F1 medians by target vowel,Bamboo,Aligned vowel token,"native recording rate; private copy only where specified; {""window_length_ms"": 25, ""time_step_ms"": 5, ""max_formants"": 5, ""pre_emphasis_from_hz"": 50, ""formant_ceiling_hz"": 5500, ""sensitivity_ceiling_hz"": 5000, ""minimum_token_ms"": 50, ""minimum_valid_frames"": 3}",median valid F1 frames over token middle 50%,final reviewed segmentation; final linguistic Alignment,True,False,True,Token and vowel tables do not carry trial_id. Vowel-category centroids pool valid tokens across trials within a recording.,Final Alignment phones within reviewed eligible audio; manual exclusions cannot become vowel tokens.,test_family04_formants.py; aligned/mixed integration,NOT_DONE,NOT_DONE,NOT_DONE,Selectable child leaf,MATCH,Token tables lack trial_id and vowel centroids pool repetitions; confirm the intended reporting unit and category mapping.,Token tables lack trial_id and vowel centroids pool repetitions; confirm the intended reporting unit and category mapping.,SCIENTIFIC CONTRACT NEEDS REVIEW,,,,,,,,,,,,,,,,,,,,,,,
CONSTRUCT,23,C023,F04,Formant and vowel-space measures,Vowel space area (VSA),vsa3_iau_hz2,MODERATE,PROD,Bamboo,Speech · Segments,upstream 25/5 ms · 48 kHz,F1/F2 vowel centroids → polygon,vowel centroids → VSA,vsa3_iau_hz2,IMPLEMENTED,True,0.5*abs(F1_i*(F2_a-F2_u)+F1_a*(F2_u-F2_i)+F1_u*(F2_i-F2_a)),Bamboo,Recording,"native recording rate; private copy only where specified; {""window_length_ms"": 25, ""time_step_ms"": 5, ""max_formants"": 5, ""pre_emphasis_from_hz"": 50, ""formant_ceiling_hz"": 5500, ""sensitivity_ceiling_hz"": 5000, ""minimum_token_ms"": 50, ""minimum_valid_frames"": 3}",0.5*abs(F1_i*(F2_a-F2_u)+F1_a*(F2_u-F2_i)+F1_u*(F2_i-F2_a)),final reviewed segmentation; final linguistic Alignment; vowel-category mapping,True,False,True,Token and vowel tables do not carry trial_id. Vowel-category centroids pool valid tokens across trials within a recording.,Final Alignment phones within reviewed eligible audio; manual exclusions cannot become vowel tokens.,test_family04_formants.py; aligned/mixed integration,NOT_DONE,NOT_DONE,NOT_DONE,Selectable child leaf,MATCH,Token tables lack trial_id and vowel centroids pool repetitions; confirm the intended reporting unit and category mapping.,Token tables lack trial_id and vowel centroids pool repetitions; confirm the intended reporting unit and category mapping.,SCIENTIFIC CONTRACT NEEDS REVIEW,,,,,,,,,,,,,,,,,,,,,,,
CONSTRUCT,24,C024,F04,Formant and vowel-space measures,Formant ratio index (FRI),fri_iau,NOT ESTABLISHED,PROD,Bamboo,Speech · Segments,upstream 25/5 ms · 48 kHz,"F1/F2 /a,i,u/ centroids → ratio",centroids → FRI,fri_iau,IMPLEMENTED,True,(F1_a+F1_i+F1_u+F2_a+F2_i)/F2_u,Bamboo,Recording,"native recording rate; private copy only where specified; {""window_length_ms"": 25, ""time_step_ms"": 5, ""max_formants"": 5, ""pre_emphasis_from_hz"": 50, ""formant_ceiling_hz"": 5500, ""sensitivity_ceiling_hz"": 5000, ""minimum_token_ms"": 50, ""minimum_valid_frames"": 3}",(F1_a+F1_i+F1_u+F2_a+F2_i)/F2_u,final reviewed segmentation; final linguistic Alignment; vowel-category mapping,True,False,True,Token and vowel tables do not carry trial_id. Vowel-category centroids pool valid tokens across trials within a recording.,Final Alignment phones within reviewed eligible audio; manual exclusions cannot become vowel tokens.,test_family04_formants.py; aligned/mixed integration,NOT_DONE,NOT_DONE,NOT_DONE,Selectable child leaf,MATCH,Token tables lack trial_id and vowel centroids pool repetitions; confirm the intended reporting unit and category mapping.,Token tables lack trial_id and vowel centroids pool repetitions; confirm the intended reporting unit and category mapping.,SCIENTIFIC CONTRACT NEEDS REVIEW,,,,,,,,,,,,,,,,,,,,,,,
CONSTRUCT,25,C025,F04,Formant and vowel-space measures,Second formant ratio index (SFRI),sfri_iau,NOT ESTABLISHED,PROD,Bamboo,Speech · Segments,upstream 25/5 ms · 48 kHz,"F2 /a,i,u/ centroids → ratio",centroids → SFRI,sfri_iau,IMPLEMENTED,True,(F2_a+F2_i)/F2_u,Bamboo,Recording,"native recording rate; private copy only where specified; {""window_length_ms"": 25, ""time_step_ms"": 5, ""max_formants"": 5, ""pre_emphasis_from_hz"": 50, ""formant_ceiling_hz"": 5500, ""sensitivity_ceiling_hz"": 5000, ""minimum_token_ms"": 50, ""minimum_valid_frames"": 3}",(F2_a+F2_i)/F2_u,final reviewed segmentation; final linguistic Alignment; vowel-category mapping,True,False,True,Token and vowel tables do not carry trial_id. Vowel-category centroids pool valid tokens across trials within a recording.,Final Alignment phones within reviewed eligible audio; manual exclusions cannot become vowel tokens.,test_family04_formants.py; aligned/mixed integration,NOT_DONE,NOT_DONE,NOT_DONE,Selectable child leaf,MATCH,Token tables lack trial_id and vowel centroids pool repetitions; confirm the intended reporting unit and category mapping.,Token tables lack trial_id and vowel centroids pool repetitions; confirm the intended reporting unit and category mapping.,SCIENTIFIC CONTRACT NEEDS REVIEW,,,,,,,,,,,,,,,,,,,,,,,
CONSTRUCT,26,C026,F04,Formant and vowel-space measures,Third formant (F3),f3_token_hz | f3_vowel_median_hz,NOT ESTABLISHED,PROD,WSTG,Speech · Segments,25/5 ms · 48 kHz,MFA vowel align → Praat Burg LPC,token median → vowel median,f3_token_hz | f3_vowel_median_hz,IMPLEMENTED,True,median valid F3 frames over token middle 50%; median valid token F3 medians by target vowel,Bamboo,Aligned vowel token,"native recording rate; private copy only where specified; {""window_length_ms"": 25, ""time_step_ms"": 5, ""max_formants"": 5, ""pre_emphasis_from_hz"": 50, ""formant_ceiling_hz"": 5500, ""sensitivity_ceiling_hz"": 5000, ""minimum_token_ms"": 50, ""minimum_valid_frames"": 3}",median valid F3 frames over token middle 50%,final reviewed segmentation; final linguistic Alignment,True,False,True,Token and vowel tables do not carry trial_id. Vowel-category centroids pool valid tokens across trials within a recording.,Final Alignment phones within reviewed eligible audio; manual exclusions cannot become vowel tokens.,test_family04_formants.py; aligned/mixed integration,NOT_DONE,NOT_DONE,NOT_DONE,Selectable child leaf,MATCH,Token tables lack trial_id and vowel centroids pool repetitions; confirm the intended reporting unit and category mapping.,Token tables lack trial_id and vowel centroids pool repetitions; confirm the intended reporting unit and category mapping.,SCIENTIFIC CONTRACT NEEDS REVIEW,,,,,,,,,,,,,,,,,,,,,,,
CONSTRUCT,27,C027,F04,Formant and vowel-space measures,Vowel articulation index (VAI),vai_iau,MODERATE,PROD,Bamboo,Speech · Segments,upstream 25/5 ms · 48 kHz,"F1/F2 /a,i,u/ centroids → VAI",centroids → VAI,vai_iau,IMPLEMENTED,True,(F2_i+F1_a)/(F1_i+F1_u+F2_u+F2_a),Bamboo,Recording,"native recording rate; private copy only where specified; {""window_length_ms"": 25, ""time_step_ms"": 5, ""max_formants"": 5, ""pre_emphasis_from_hz"": 50, ""formant_ceiling_hz"": 5500, ""sensitivity_ceiling_hz"": 5000, ""minimum_token_ms"": 50, ""minimum_valid_frames"": 3}",(F2_i+F1_a)/(F1_i+F1_u+F2_u+F2_a),final reviewed segmentation; final linguistic Alignment; vowel-category mapping,True,False,True,Token and vowel tables do not carry trial_id. Vowel-category centroids pool valid tokens across trials within a recording.,Final Alignment phones within reviewed eligible audio; manual exclusions cannot become vowel tokens.,test_family04_formants.py; aligned/mixed integration,NOT_DONE,NOT_DONE,NOT_DONE,Selectable child leaf,MATCH,Token tables lack trial_id and vowel centroids pool repetitions; confirm the intended reporting unit and category mapping.,Token tables lack trial_id and vowel centroids pool repetitions; confirm the intended reporting unit and category mapping.,SCIENTIFIC CONTRACT NEEDS REVIEW,,,,,,,,,,,,,,,,,,,,,,,
CONSTRUCT,28,C028,F04,Formant and vowel-space measures,Vowel spectral-envelope distance (/a/-/i/),vowel_envelope_distance_ai_source,MODERATE,TASK,Sustained /a/,Speech · Segments,source-specific · 48 kHz,aligned /a/ + /i/ spectra → distance,matched-vowel distance,vowel_envelope_distance_ai_source,NOT_IMPLEMENTED,False,No executable calculator,Not specified,Matched vowel pair,"native recording rate; private copy only where specified; {""window_length_ms"": 25, ""time_step_ms"": 5, ""max_formants"": 5, ""pre_emphasis_from_hz"": 50, ""formant_ceiling_hz"": 5500, ""sensitivity_ceiling_hz"": 5000, ""minimum_token_ms"": 50, ""minimum_valid_frames"": 3}",source representation and distance not frozen,final reviewed segmentation; final linguistic Alignment,False,False,False,Token and vowel tables do not carry trial_id. Vowel-category centroids pool valid tokens across trials within a recording.,Final Alignment phones within reviewed eligible audio; manual exclusions cannot become vowel tokens.,test_family04_formants.py; aligned/mixed integration,NOT_DONE,NOT_DONE,NOT_DONE,Visible unavailable leaf/construct or unresolved template; nonselectable,UNRESOLVED,Token tables lack trial_id and vowel centroids pool repetitions; confirm the intended reporting unit and category mapping.,Token tables lack trial_id and vowel centroids pool repetitions; confirm the intended reporting unit and category mapping.,SCIENTIFIC CONTRACT NEEDS REVIEW,,,,,,,,,,,,,,,,,,,,,,,
CONSTRUCT,29,C029,F04,Formant and vowel-space measures,Formant centralization ratio (FCR),fcr_iau,LIMITED,PROD,Bamboo,Speech · Segments,upstream 25/5 ms · 48 kHz,"F1/F2 /a,i,u/ centroids → FCR",centroids → FCR,fcr_iau,IMPLEMENTED,True,(F2_u+F2_a+F1_i+F1_u)/(F2_i+F1_a),Bamboo,Recording,"native recording rate; private copy only where specified; {""window_length_ms"": 25, ""time_step_ms"": 5, ""max_formants"": 5, ""pre_emphasis_from_hz"": 50, ""formant_ceiling_hz"": 5500, ""sensitivity_ceiling_hz"": 5000, ""minimum_token_ms"": 50, ""minimum_valid_frames"": 3}",(F2_u+F2_a+F1_i+F1_u)/(F2_i+F1_a),final reviewed segmentation; final linguistic Alignment; vowel-category mapping,True,False,True,Token and vowel tables do not carry trial_id. Vowel-category centroids pool valid tokens across trials within a recording.,Final Alignment phones within reviewed eligible audio; manual exclusions cannot become vowel tokens.,test_family04_formants.py; aligned/mixed integration,NOT_DONE,NOT_DONE,NOT_DONE,Selectable child leaf,MATCH,Token tables lack trial_id and vowel centroids pool repetitions; confirm the intended reporting unit and category mapping.,Token tables lack trial_id and vowel centroids pool repetitions; confirm the intended reporting unit and category mapping.,SCIENTIFIC CONTRACT NEEDS REVIEW,,,,,,,,,,,,,,,,,,,,,,,
CONSTRUCT,30,C030,F04,Formant and vowel-space measures,Vowel F1/F2 Euclidean distance,vowel_distance_<x>_<y>_hz,LIMITED,TASK,Not specified,Speech · Segments,upstream 25/5 ms · 48 kHz,two vowel F1/F2 centroids → Euclidean,pairwise Euclidean distance,,UNRESOLVED_TEMPLATE,False,Template / internal calculator only,Not specified,No public output,No public parameter profile,No public aggregation,Not executable,False,False,False,Token and vowel tables do not carry trial_id. Vowel-category centroids pool valid tokens across trials within a recording.,Final Alignment phones within reviewed eligible audio; manual exclusions cannot become vowel tokens.,test_family04_formants.py; aligned/mixed integration,NOT_DONE,NOT_DONE,NOT_DONE,Visible unavailable leaf/construct or unresolved template; nonselectable,UNRESOLVED,Token tables lack trial_id and vowel centroids pool repetitions; confirm the intended reporting unit and category mapping.,Token tables lack trial_id and vowel centroids pool repetitions; confirm the intended reporting unit and category mapping.,SCIENTIFIC CONTRACT NEEDS REVIEW,,,,,,,,,,,,,,,,,,,,,,,
CONSTRUCT,31,C031,F04,Formant and vowel-space measures,F2 convergence (/i/-/a/ distance),f2_distance_i_a_hz,LIMITED,TASK,Sustained /a/,Speech · Segments,upstream 25/5 ms · 48 kHz,F2(/i/) vs F2(/a/) → distance,|F2ᵢ−F2ₐ|,f2_distance_i_a_hz,IMPLEMENTED,True,abs(F2_i-F2_a),Not specified,Recording,"native recording rate; private copy only where specified; {""window_length_ms"": 25, ""time_step_ms"": 5, ""max_formants"": 5, ""pre_emphasis_from_hz"": 50, ""formant_ceiling_hz"": 5500, ""sensitivity_ceiling_hz"": 5000, ""minimum_token_ms"": 50, ""minimum_valid_frames"": 3}",abs(F2_i-F2_a),final reviewed segmentation; final linguistic Alignment; vowel-category mapping,True,False,True,Token and vowel tables do not carry trial_id. Vowel-category centroids pool valid tokens across trials within a recording.,Final Alignment phones within reviewed eligible audio; manual exclusions cannot become vowel tokens.,test_family04_formants.py; aligned/mixed integration,NOT_DONE,NOT_DONE,NOT_DONE,Selectable child leaf,MATCH,Token tables lack trial_id and vowel centroids pool repetitions; confirm the intended reporting unit and category mapping.,Token tables lack trial_id and vowel centroids pool repetitions; confirm the intended reporting unit and category mapping.,SCIENTIFIC CONTRACT NEEDS REVIEW,,,,,,,,,,,,,,,,,,,,,,,
CONSTRUCT,32,C032,F04,Formant and vowel-space measures,"Vowel dispersion measures (mean, front, back, corner, global)",vowel_dispersion_<variant>_hz,LIMITED,PROD,Bamboo,Speech · Segments,upstream 25/5 ms · 48 kHz,multi-vowel F1/F2 centroids → dispersion,pairwise distances → named summary,,UNRESOLVED_TEMPLATE,False,Template / internal calculator only,Bamboo,No public output,No public parameter profile,No public aggregation,Not executable,False,False,False,Token and vowel tables do not carry trial_id. Vowel-category centroids pool valid tokens across trials within a recording.,Final Alignment phones within reviewed eligible audio; manual exclusions cannot become vowel tokens.,test_family04_formants.py; aligned/mixed integration,NOT_DONE,NOT_DONE,NOT_DONE,Visible unavailable leaf/construct or unresolved template; nonselectable,UNRESOLVED,Token tables lack trial_id and vowel centroids pool repetitions; confirm the intended reporting unit and category mapping.,Token tables lack trial_id and vowel centroids pool repetitions; confirm the intended reporting unit and category mapping.,SCIENTIFIC CONTRACT NEEDS REVIEW,,,,,,,,,,,,,,,,,,,,,,,
CONSTRUCT,33,C033,F05,Formant dynamics,Formant transition slope (F1/F2 slope),f1_slope_<target>_hz_s | f2_slope_<target>_hz_s,STRONG,PROD,"Bamboo, WSTG",Speech · Frames,25/5 ms · 48 kHz,aligned transition → Burg tracks → slope,slope/token → median target,,UNRESOLVED_TEMPLATE,False,Template / internal calculator only,Not specified,No public output,No public parameter profile,No public aggregation,Not executable,False,False,False,No concrete public output. Internal target selection requires a manifest; a target may identify a trial only if explicitly defined.,No public output; proposed shared formant track comes from eligible aligned tokens.,internal formant-dynamics calculator tests; no public-leaf integration,NOT_DONE,NOT_DONE,NOT_DONE,Visible unavailable leaf/construct or unresolved template; nonselectable,UNRESOLVED,"Freeze target words/phones, trajectory window, diphthong glide exclusions and exact public IDs before exposing slopes/ranges.","Freeze target words/phones, trajectory window, diphthong glide exclusions and exact public IDs before exposing slopes/ranges.",PARTIALLY IMPLEMENTED — DEFINITION WORK REQUIRED,,,,,,,,,,,,,,,,,,,,,,,
CONSTRUCT,34,C034,F05,Formant dynamics,Formant frequency range (diphthong),f1_range_<diphthong>_hz | f2_range_<diphthong>_hz,LIMITED,PROD,WSTG,Speech · Frames,25/5 ms · 48 kHz,diphthong formant track → max−min,range/token → median,,UNRESOLVED_TEMPLATE,False,Template / internal calculator only,Not specified,No public output,No public parameter profile,No public aggregation,Not executable,False,False,False,No concrete public output. Internal target selection requires a manifest; a target may identify a trial only if explicitly defined.,No public output; proposed shared formant track comes from eligible aligned tokens.,internal formant-dynamics calculator tests; no public-leaf integration,NOT_DONE,NOT_DONE,NOT_DONE,Visible unavailable leaf/construct or unresolved template; nonselectable,UNRESOLVED,"Freeze target words/phones, trajectory window, diphthong glide exclusions and exact public IDs before exposing slopes/ranges.","Freeze target words/phones, trajectory window, diphthong glide exclusions and exact public IDs before exposing slopes/ranges.",PARTIALLY IMPLEMENTED — DEFINITION WORK REQUIRED,,,,,,,,,,,,,,,,,,,,,,,
CONSTRUCT,35,C035,F06,Segmental articulatory / phonetic contrasts,Articulatory precision (phoneme goodness / likelihood-ratio),blocked_aural_analytics_ap,STRONG,BLOCKED,WSTG,Speech · Segments,proprietary · 48 kHz,PROPRIETARY phoneme-likelihood model,phoneme scores → sentence/session,blocked_aural_analytics_ap,NOT_IMPLEMENTED,False,No executable calculator,Not specified,Aligned phones / session,"native recording rate; private copy only where specified; {""m1_window_ms"": 20, ""m1_fft_minimum"": 2048, ""tilt_window_ms"": 10, ""tilt_band_hz"": [1500, 5000], ""wideband_hz"": [0, 10000], ""source_audio_policy"": ""native rate; no upsampling""}",Proprietary normative likelihood-ratio model,canonical audio / task metadata,False,False,False,Matched target tokens retain alignment/target identity; the public contrast is aggregated to one recording result. Trial-level reporting is not frozen.,Target tokens and acoustic subevents must lie within final Alignment and outside reviewed exclusions.,test_family06_segmental.py; target/mixed tests,NOT_DONE,NOT_DONE,NOT_DONE,Visible unavailable leaf/construct or unresolved template; nonselectable,UNRESOLVED,Approved matched targets and validated acoustic landmarks are required; phone intervals do not identify bursts or noise onsets.,Approved matched targets and validated acoustic landmarks are required; phone intervals do not identify bursts or noise onsets.,PARTIALLY IMPLEMENTED — DEFINITION WORK REQUIRED,,,,,,,,,,,,,,,,,,,,,,,
CONSTRUCT,36,C036,F06,Segmental articulatory / phonetic contrasts,Bandpassed noise energy (place-of-articulation contrast),band_noise_contrast_variant1 | band_noise_contrast_variant2,LIMITED,TASK,Not specified,Speech · Segments,full interval or fixed STFT · 48 kHz,aligned target → band-pass energy,token band-energy contrast → mean reps,band_noise_contrast_variant1 | band_noise_contrast_variant2,NOT_IMPLEMENTED,False,No executable calculator,Not specified,Matched noise targets,"native recording rate; private copy only where specified; {""m1_window_ms"": 20, ""m1_fft_minimum"": 2048, ""tilt_window_ms"": 10, ""tilt_band_hz"": [1500, 5000], ""wideband_hz"": [0, 10000], ""source_audio_policy"": ""native rate; no upsampling""}",Source contrast convention and normalization not frozen,canonical audio / task metadata,False,False,False,Matched target tokens retain alignment/target identity; the public contrast is aggregated to one recording result. Trial-level reporting is not frozen.,Target tokens and acoustic subevents must lie within final Alignment and outside reviewed exclusions.,test_family06_segmental.py; target/mixed tests,NOT_DONE,NOT_DONE,NOT_DONE,Visible unavailable leaf/construct or unresolved template; nonselectable,UNRESOLVED,Approved matched targets and validated acoustic landmarks are required; phone intervals do not identify bursts or noise onsets.,Approved matched targets and validated acoustic landmarks are required; phone intervals do not identify bursts or noise onsets.,PARTIALLY IMPLEMENTED — DEFINITION WORK REQUIRED,,,,,,,,,,,,,,,,,,,,,,,
CONSTRUCT,37,C037,F06,Segmental articulatory / phonetic contrasts,First spectral moment difference (/t/ vs /k/ place contrast),m1_t_minus_k_hz,LIMITED,TASK,WSTG,Speech · Segments,20 ms · 48 kHz,"/t/, /k/ burst FFT → M1 contrast",mean M1(/t/)−mean M1(/k/),m1_t_minus_k_hz,IMPLEMENTED,True,mean(sum(f*P)/sum(P))_t - mean(sum(f*P)/sum(P))_k,Not specified,Matched burst pairs / recording,"native recording rate; private copy only where specified; {""m1_window_ms"": 20, ""m1_fft_minimum"": 2048, ""tilt_window_ms"": 10, ""tilt_band_hz"": [1500, 5000], ""wideband_hz"": [0, 10000], ""source_audio_policy"": ""native rate; no upsampling""}",mean(sum(f*P)/sum(P))_t - mean(sum(f*P)/sum(P))_k,final reviewed segmentation; final linguistic Alignment; approved target / validated subevent where applicable,True,False,True,Matched target tokens retain alignment/target identity; the public contrast is aggregated to one recording result. Trial-level reporting is not frozen.,Target tokens and acoustic subevents must lie within final Alignment and outside reviewed exclusions.,test_family06_segmental.py; target/mixed tests,NOT_DONE,NOT_DONE,NOT_DONE,Selectable child leaf,MATCH,Approved matched targets and validated acoustic landmarks are required; phone intervals do not identify bursts or noise onsets.,Approved matched targets and validated acoustic landmarks are required; phone intervals do not identify bursts or noise onsets.,PARTIALLY IMPLEMENTED — DEFINITION WORK REQUIRED,,,,,,,,,,,,,,,,,,,,,,,
CONSTRUCT,38,C038,F06,Segmental articulatory / phonetic contrasts,Fricative/affricate noise duration,noise_duration_<target>_s,LIMITED,TASK,Not specified,Speech · Segments,event-level · 48 kHz,aligned fricative/affricate noise interval,duration/token → target summary,,UNRESOLVED_TEMPLATE,False,Template / internal calculator only,Not specified,No public output,No public parameter profile,No public aggregation,Not executable,False,False,False,Matched target tokens retain alignment/target identity; the public contrast is aggregated to one recording result. Trial-level reporting is not frozen.,Target tokens and acoustic subevents must lie within final Alignment and outside reviewed exclusions.,test_family06_segmental.py; target/mixed tests,NOT_DONE,NOT_DONE,NOT_DONE,Visible unavailable leaf/construct or unresolved template; nonselectable,UNRESOLVED,Approved matched targets and validated acoustic landmarks are required; phone intervals do not identify bursts or noise onsets.,Approved matched targets and validated acoustic landmarks are required; phone intervals do not identify bursts or noise onsets.,PARTIALLY IMPLEMENTED — DEFINITION WORK REQUIRED,,,,,,,,,,,,,,,,,,,,,,,
CONSTRUCT,39,C039,F06,Segmental articulatory / phonetic contrasts,Noise energy rise time,noise_rise_time_<definition>_s,LIMITED,TASK,Not specified,Speech · Segments,event-level · 48 kHz,noise envelope → rise time,rise time/token,,UNRESOLVED_TEMPLATE,False,Template / internal calculator only,Not specified,No public output,No public parameter profile,No public aggregation,Not executable,False,False,False,Matched target tokens retain alignment/target identity; the public contrast is aggregated to one recording result. Trial-level reporting is not frozen.,Target tokens and acoustic subevents must lie within final Alignment and outside reviewed exclusions.,test_family06_segmental.py; target/mixed tests,NOT_DONE,NOT_DONE,NOT_DONE,Visible unavailable leaf/construct or unresolved template; nonselectable,UNRESOLVED,Approved matched targets and validated acoustic landmarks are required; phone intervals do not identify bursts or noise onsets.,Approved matched targets and validated acoustic landmarks are required; phone intervals do not identify bursts or noise onsets.,PARTIALLY IMPLEMENTED — DEFINITION WORK REQUIRED,,,,,,,,,,,,,,,,,,,,,,,
CONSTRUCT,40,C040,F06,Segmental articulatory / phonetic contrasts,Normalized temporal contrast (long-short vowels),normalized_duration_contrast_<A>_<B>,NOT ESTABLISHED,TASK,Not specified,Speech · Segments,event-level · 48 kHz,long vs short vowel durations → contrast,pairwise contrast → mean/median,,UNRESOLVED_TEMPLATE,False,Template / internal calculator only,Not specified,No public output,No public parameter profile,No public aggregation,Not executable,False,False,False,Matched target tokens retain alignment/target identity; the public contrast is aggregated to one recording result. Trial-level reporting is not frozen.,Target tokens and acoustic subevents must lie within final Alignment and outside reviewed exclusions.,test_family06_segmental.py; target/mixed tests,NOT_DONE,NOT_DONE,NOT_DONE,Visible unavailable leaf/construct or unresolved template; nonselectable,UNRESOLVED,Approved matched targets and validated acoustic landmarks are required; phone intervals do not identify bursts or noise onsets.,Approved matched targets and validated acoustic landmarks are required; phone intervals do not identify bursts or noise onsets.,PARTIALLY IMPLEMENTED — DEFINITION WORK REQUIRED,,,,,,,,,,,,,,,,,,,,,,,
CONSTRUCT,41,C041,F06,Segmental articulatory / phonetic contrasts,Wideband noise energy,wideband_noise_energy_0_10khz,LIMITED,TASK,Not specified,Speech · Segments,full interval · 48 kHz,aligned target → wideband energy,energy/token; contrast if paired,wideband_noise_energy_0_10khz,IMPLEMENTED,True,mean one-sided 0–10 kHz Hann-corrected FFT energy per approved token,Not specified,Annotated noise events / recording,"native recording rate; private copy only where specified; {""m1_window_ms"": 20, ""m1_fft_minimum"": 2048, ""tilt_window_ms"": 10, ""tilt_band_hz"": [1500, 5000], ""wideband_hz"": [0, 10000], ""source_audio_policy"": ""native rate; no upsampling""}",mean one-sided 0–10 kHz Hann-corrected FFT energy per approved token,final reviewed segmentation; final linguistic Alignment; approved target / validated subevent where applicable,True,False,True,Matched target tokens retain alignment/target identity; the public contrast is aggregated to one recording result. Trial-level reporting is not frozen.,Target tokens and acoustic subevents must lie within final Alignment and outside reviewed exclusions.,test_family06_segmental.py; target/mixed tests,NOT_DONE,NOT_DONE,NOT_DONE,Selectable child leaf,MATCH,Approved matched targets and validated acoustic landmarks are required; phone intervals do not identify bursts or noise onsets.,Approved matched targets and validated acoustic landmarks are required; phone intervals do not identify bursts or noise onsets.,PARTIALLY IMPLEMENTED — DEFINITION WORK REQUIRED,,,,,,,,,,,,,,,,,,,,,,,
CONSTRUCT,42,C042,F06,Segmental articulatory / phonetic contrasts,Spectral tilt (stop burst),stop_burst_spectral_tilt_db_khz,NOT ESTABLISHED,TASK,Not specified,Speech · Segments,10 ms FFT · 48 kHz,stop-burst FFT → spectral tilt,slope/burst → target mean,stop_burst_spectral_tilt_db_khz,IMPLEMENTED,True,mean OLS slope of 20log10 FFT amplitude over 1.5–5 kHz,Not specified,Annotated stop bursts / recording,"native recording rate; private copy only where specified; {""m1_window_ms"": 20, ""m1_fft_minimum"": 2048, ""tilt_window_ms"": 10, ""tilt_band_hz"": [1500, 5000], ""wideband_hz"": [0, 10000], ""source_audio_policy"": ""native rate; no upsampling""}",mean OLS slope of 20log10 FFT amplitude over 1.5–5 kHz,final reviewed segmentation; final linguistic Alignment; approved target / validated subevent where applicable,True,False,True,Matched target tokens retain alignment/target identity; the public contrast is aggregated to one recording result. Trial-level reporting is not frozen.,Target tokens and acoustic subevents must lie within final Alignment and outside reviewed exclusions.,test_family06_segmental.py; target/mixed tests,NOT_DONE,NOT_DONE,NOT_DONE,Selectable child leaf,MATCH,Approved matched targets and validated acoustic landmarks are required; phone intervals do not identify bursts or noise onsets.,Approved matched targets and validated acoustic landmarks are required; phone intervals do not identify bursts or noise onsets.,PARTIALLY IMPLEMENTED — DEFINITION WORK REQUIRED,,,,,,,,,,,,,,,,,,,,,,,
CONSTRUCT,43,C043,F07,Segment duration and temporal variability,Average word duration,mean_word_duration_s,LIMITED,PROD,Bamboo,Speech · Segments,event-level · 16 kHz align + original time,MFA / transcript word boundaries,mean word duration (+ median QC),mean_word_duration_s,IMPLEMENTED,True,mean(aligned word offset - onset),Bamboo,Aligned word tokens,"original-time reviewed events; no feature resampling; {""minimum_alignment_coverage"": 0.8, ""minimum_vowel_duration_sec"": 0.03, ""review_vowel_duration_sec"": 0.05, ""sample_sd_ddof"": 1, ""sequence_break_on_manual_exclusion"": true}",mean(aligned word offset - onset),final reviewed segmentation; final linguistic Alignment,True,False,False,Aligned words/vowels are pooled by recording for summary/rhythm indices; speech/task duration is one recording result.,Reviewed timing subtracts contamination; aligned tokens use final Alignment. Check cross-trial aggregation separately.,test_family07_duration.py; reviewed timing/mixed tests,NOT_DONE,NOT_DONE,NOT_DONE,Selectable child leaf,MATCH,Review whether speech_time_s and task_elapsed_duration_s match the original duration names; decide trial-wise aggregation.,Review whether speech_time_s and task_elapsed_duration_s match the original duration names; decide trial-wise aggregation.,SCIENTIFIC CONTRACT NEEDS REVIEW,,,,,,,,,,,,,,,,,,,,,,,
CONSTRUCT,44,C044,F07,Segment duration and temporal variability,Speech duration,speech_time_s,LIMITED,PROD,Bamboo,Speech · Segments,event-level · 16 kHz VAD + original time,Silero VAD → speech events,sum speech time,speech_time_s,IMPLEMENTED,True,effective elapsed task duration - internal pauses >=300 ms,Bamboo,Reviewed timing events,"original-time reviewed events; no feature resampling; {""minimum_internal_pause_ms"": 300, ""manual_exclusion_policy"": ""outside analyzable patient timeline"", ""boundary_source"": ""frozen reviewed segmentation""}",effective elapsed task duration - internal pauses >=300 ms,final reviewed segmentation,False,False,False,Aligned words/vowels are pooled by recording for summary/rhythm indices; speech/task duration is one recording result.,Reviewed timing subtracts contamination; aligned tokens use final Alignment. Check cross-trial aggregation separately.,test_family07_duration.py; reviewed timing/mixed tests,NOT_DONE,NOT_DONE,NOT_DONE,Selectable child leaf,PARTIAL,Code sums reviewed patient-speech time; design described detected speech events. Boundary authority changed deliberately.,Code sums reviewed patient-speech time; design described detected speech events. Boundary authority changed deliberately.,SCIENTIFIC CONTRACT NEEDS REVIEW,,,,,,,,,,,,,,,,,,,,,,,
CONSTRUCT,45,C045,F07,Segment duration and temporal variability,Total speech duration,task_elapsed_duration_s,NOT ESTABLISHED,PROD,Sustained /a/,Both · Full,N/A · original time (48 kHz audio),validated task onset → offset,elapsed task duration,task_elapsed_duration_s,IMPLEMENTED,True,reviewed task onset to offset minus excluded contamination,Bamboo,Whole reviewed task,"original-time reviewed events; no feature resampling; {""minimum_internal_pause_ms"": 300, ""manual_exclusion_policy"": ""outside analyzable patient timeline"", ""boundary_source"": ""frozen reviewed segmentation""}",reviewed task onset to offset minus excluded contamination,final reviewed segmentation,False,False,False,Aligned words/vowels are pooled by recording for summary/rhythm indices; speech/task duration is one recording result.,Reviewed timing subtracts contamination; aligned tokens use final Alignment. Check cross-trial aggregation separately.,test_family07_duration.py; reviewed timing/mixed tests,NOT_DONE,NOT_DONE,NOT_DONE,Selectable child leaf,MISMATCH,"Despite the original name Total speech duration, the code returns elapsed task time, preferentially first-to-last aligned word minus exclusions, otherwise reviewed elapsed time.","Despite the original name Total speech duration, the code returns elapsed task time, preferentially first-to-last aligned word minus exclusions, otherwise reviewed elapsed time.",SCIENTIFIC CONTRACT NEEDS REVIEW,,,,,,,,,,,,,,,,,,,,,,,
CONSTRUCT,46,C046,F07,Segment duration and temporal variability,Vowel duration,vowel_duration_<phone>_s,MODERATE,PROD,"Bamboo, WSTG",Speech · Segments,event-level · 16 kHz align + original time,MFA/manual vowel boundaries,token duration → median by vowel,,UNRESOLVED_TEMPLATE,False,Template / internal calculator only,Bamboo,Aligned vowel tokens,"original-time reviewed events; no feature resampling; {""minimum_alignment_coverage"": 0.8, ""minimum_vowel_duration_sec"": 0.03, ""review_vowel_duration_sec"": 0.05, ""sample_sd_ddof"": 1, ""sequence_break_on_manual_exclusion"": true}",aligned vowel offset - onset,final reviewed segmentation; final linguistic Alignment,False,False,False,Aligned words/vowels are pooled by recording for summary/rhythm indices; speech/task duration is one recording result.,Reviewed timing subtracts contamination; aligned tokens use final Alignment. Check cross-trial aggregation separately.,test_family07_duration.py; reviewed timing/mixed tests,NOT_DONE,NOT_DONE,NOT_DONE,Visible unavailable leaf/construct or unresolved template; nonselectable,UNRESOLVED,Review whether speech_time_s and task_elapsed_duration_s match the original duration names; decide trial-wise aggregation.,Review whether speech_time_s and task_elapsed_duration_s match the original duration names; decide trial-wise aggregation.,SCIENTIFIC CONTRACT NEEDS REVIEW,,,,,,,,,,,,,,,,,,,,,,,
CONSTRUCT,47,C047,F07,Segment duration and temporal variability,"Vowel duration variability indices (deltaV, VarcoV, nPVI-V)",delta_v_s | varco_v_pct | npvi_v_pct,LIMITED,PROD,Bamboo,Speech · Segments,event-level · 48 kHz,vowel-duration sequence → rhythm indices,one ΔV / VarcoV / nPVI value,delta_v_s | varco_v_pct | npvi_v_pct,IMPLEMENTED,True,"sample SD(vowel durations), ddof=1; 100 * sample SD(vowel durations) / mean(vowel durations); 100/(N-1) * sum(|d_i-d_i+1| / ((d_i+d_i+1)/2)) within sequences",Bamboo,Aligned vowel sequence,"original-time reviewed events; no feature resampling; {""minimum_alignment_coverage"": 0.8, ""minimum_vowel_duration_sec"": 0.03, ""review_vowel_duration_sec"": 0.05, ""sample_sd_ddof"": 1, ""sequence_break_on_manual_exclusion"": true}","sample SD(vowel durations), ddof=1",final reviewed segmentation; final linguistic Alignment,True,False,False,Aligned words/vowels are pooled by recording for summary/rhythm indices; speech/task duration is one recording result.,Reviewed timing subtracts contamination; aligned tokens use final Alignment. Check cross-trial aggregation separately.,test_family07_duration.py; reviewed timing/mixed tests,NOT_DONE,NOT_DONE,NOT_DONE,Selectable child leaf,MATCH,Review whether speech_time_s and task_elapsed_duration_s match the original duration names; decide trial-wise aggregation.,Review whether speech_time_s and task_elapsed_duration_s match the original duration names; decide trial-wise aggregation.,SCIENTIFIC CONTRACT NEEDS REVIEW,,,,,,,,,,,,,,,,,,,,,,,
CONSTRUCT,48,C048,F08,Speech and articulation rate,Speaking rate,speaking_rate_syll_s | speaking_rate_words_min,STRONG,PROD,"Bamboo, WSTG",Both · Full,N/A · original time (48 kHz audio),count units + validated elapsed time,count ÷ elapsed time,speaking_rate_syll_s | speaking_rate_words_min,IMPLEMENTED,True,syllable_count / elapsed_task_sec; 60 * word_count / elapsed_task_sec,Bamboo,Whole utterance/prompt,"original-time reviewed events; no feature resampling; {""pause_min_sec"": 0.3, ""boundary_source"": ""frozen reviewed segmentation""}",syllable_count / elapsed_task_sec,final reviewed segmentation; approved prompt count,False,False,False,One approved prompt count and one reviewed recording-level denominator; repeated trials are not separately reported.,Reviewed elapsed/speech denominators account for manual contamination; prompt numerator is separate.,test_family08_rate.py; prompt-failure mixed tests,NOT_DONE,NOT_DONE,NOT_DONE,Selectable child leaf,PARTIAL,"97 canonical Bamboo orthographic words are approved, but active Family 08 still needs an approved count manifest; syllable-rate meaning is under lab review.","97 canonical Bamboo orthographic words are approved, but active Family 08 still needs an approved count manifest; syllable-rate meaning is under lab review.",SCIENTIFIC CONTRACT NEEDS REVIEW,,,,,,,,,,,,,,,,,,,,,,,
CONSTRUCT,49,C049,F08,Speech and articulation rate,Articulation rate,articulation_rate_syll_s,STRONG,PROD,"Bamboo, WSTG",Speech · Segments,event-level · 16 kHz VAD + original time,count units + speech time (pauses removed),syllables ÷ speech time,articulation_rate_syll_s,IMPLEMENTED,True,syllable_count / (elapsed_task_sec - internal_pauses_ge_300ms_sec),Bamboo,Whole utterance/prompt,"original-time reviewed events; no feature resampling; {""pause_min_sec"": 0.3, ""boundary_source"": ""frozen reviewed segmentation""}",syllable_count / (elapsed_task_sec - internal_pauses_ge_300ms_sec),final reviewed segmentation; approved prompt count,False,False,False,One approved prompt count and one reviewed recording-level denominator; repeated trials are not separately reported.,Reviewed elapsed/speech denominators account for manual contamination; prompt numerator is separate.,test_family08_rate.py; prompt-failure mixed tests,NOT_DONE,NOT_DONE,NOT_DONE,Selectable child leaf,PARTIAL,Syllable count / articulation speech time is implemented; connected-speech use needs lab approval.,Syllable count / articulation speech time is implemented; connected-speech use needs lab approval.,SCIENTIFIC CONTRACT NEEDS REVIEW,,,,,,,,,,,,,,,,,,,,,,,
CONSTRUCT,50,C050,F09,Pause and phrasing,Pause duration,total_pause_duration_s,MODERATE,PROD,"Bamboo, WSTG",Non-speech · Segments,event-level · 16 kHz VAD + original time,Silero VAD → ≥300 ms pause events,sum pause durations,total_pause_duration_s,IMPLEMENTED,True,sum(eligible internal pause durations),Bamboo,Pause events,"original-time reviewed events; no feature resampling; {""minimum_internal_pause_ms"": 300, ""sample_sd_ddof"": 1, ""boundary_source"": ""frozen reviewed segmentation""}",sum(eligible internal pause durations),final reviewed segmentation,False,False,False,All reviewed pause/phrase events contribute to one recording summary; trial boundaries are not separate outputs.,Manual exclusions break pause/phrase sequences and are not counted as ordinary pauses.,test_family09_pause.py; timing/mixed tests; component handoff defect not protected,NOT_DONE,NOT_DONE,NOT_DONE,Selectable child leaf,MATCH,"pause_pattern_components is serialized as JSON, then coerced to numeric by mixed dispatch; its successful value becomes NaN.","pause_pattern_components is serialized as JSON, then coerced to numeric by mixed dispatch; its successful value becomes NaN.",KNOWN DEFECT — FIX BEFORE VALIDATION,,,,,,,,,,,,,,,,,,,,,,,
CONSTRUCT,51,C051,F09,Pause and phrasing,CV pause duration,cv_pause_duration | cv_pause_duration_pct,NOT ESTABLISHED,PROD,Bamboo,Non-speech · Segments,event-level · 16 kHz VAD + original time,same pause-event table → CV,SD/mean of pauses,cv_pause_duration | cv_pause_duration_pct,IMPLEMENTED,True,sample SD(pause durations) / mean(pause durations); 100 × sample SD(pause durations) / mean(pause durations),Bamboo,Pause events,"original-time reviewed events; no feature resampling; {""minimum_internal_pause_ms"": 300, ""sample_sd_ddof"": 1, ""boundary_source"": ""frozen reviewed segmentation""}",sample SD(pause durations) / mean(pause durations),final reviewed segmentation,False,False,False,All reviewed pause/phrase events contribute to one recording summary; trial boundaries are not separate outputs.,Manual exclusions break pause/phrase sequences and are not counted as ordinary pauses.,test_family09_pause.py; timing/mixed tests; component handoff defect not protected,NOT_DONE,NOT_DONE,NOT_DONE,Selectable child leaf,MATCH,"pause_pattern_components is serialized as JSON, then coerced to numeric by mixed dispatch; its successful value becomes NaN.","pause_pattern_components is serialized as JSON, then coerced to numeric by mixed dispatch; its successful value becomes NaN.",KNOWN DEFECT — FIX BEFORE VALIDATION,,,,,,,,,,,,,,,,,,,,,,,
CONSTRUCT,52,C052,F09,Pause and phrasing,CV phrase duration,cv_phrase_duration | cv_phrase_duration_pct,NOT ESTABLISHED,PROD,Bamboo,Speech · Segments,event-level · 16 kHz VAD + original time,same phrase-event table → CV,SD/mean of phrases,cv_phrase_duration | cv_phrase_duration_pct,IMPLEMENTED,True,sample SD(phrase durations) / mean(phrase durations); 100 × sample SD(phrase durations) / mean(phrase durations),Bamboo,Phrase events,"original-time reviewed events; no feature resampling; {""minimum_internal_pause_ms"": 300, ""sample_sd_ddof"": 1, ""boundary_source"": ""frozen reviewed segmentation""}",sample SD(phrase durations) / mean(phrase durations),final reviewed segmentation,False,False,False,All reviewed pause/phrase events contribute to one recording summary; trial boundaries are not separate outputs.,Manual exclusions break pause/phrase sequences and are not counted as ordinary pauses.,test_family09_pause.py; timing/mixed tests; component handoff defect not protected,NOT_DONE,NOT_DONE,NOT_DONE,Selectable child leaf,MATCH,"pause_pattern_components is serialized as JSON, then coerced to numeric by mixed dispatch; its successful value becomes NaN.","pause_pattern_components is serialized as JSON, then coerced to numeric by mixed dispatch; its successful value becomes NaN.",KNOWN DEFECT — FIX BEFORE VALIDATION,,,,,,,,,,,,,,,,,,,,,,,
CONSTRUCT,53,C053,F09,Pause and phrasing,Pause events (count),pause_count,MODERATE,PROD,Bamboo,Non-speech · Segments,event-level · 16 kHz VAD + original time,Silero VAD → ≥300 ms pause events,integer count,pause_count,IMPLEMENTED,True,count(eligible internal pauses),Bamboo,Pause events,"original-time reviewed events; no feature resampling; {""minimum_internal_pause_ms"": 300, ""sample_sd_ddof"": 1, ""boundary_source"": ""frozen reviewed segmentation""}",count(eligible internal pauses),final reviewed segmentation,False,False,False,All reviewed pause/phrase events contribute to one recording summary; trial boundaries are not separate outputs.,Manual exclusions break pause/phrase sequences and are not counted as ordinary pauses.,test_family09_pause.py; timing/mixed tests; component handoff defect not protected,NOT_DONE,NOT_DONE,NOT_DONE,Selectable child leaf,MATCH,"pause_pattern_components is serialized as JSON, then coerced to numeric by mixed dispatch; its successful value becomes NaN.","pause_pattern_components is serialized as JSON, then coerced to numeric by mixed dispatch; its successful value becomes NaN.",KNOWN DEFECT — FIX BEFORE VALIDATION,,,,,,,,,,,,,,,,,,,,,,,
CONSTRUCT,54,C054,F09,Pause and phrasing,Percent pause,percent_pause_ge300ms,MODERATE,PROD,Bamboo,Both · Segments,event-level · 16 kHz VAD + original time,pause time / task time ×100,100×pause/elapsed,percent_pause_ge300ms,IMPLEMENTED,True,100 × total pause duration / analyzed utterance duration,Bamboo,Whole utterance,"original-time reviewed events; no feature resampling; {""minimum_internal_pause_ms"": 300, ""sample_sd_ddof"": 1, ""boundary_source"": ""frozen reviewed segmentation""}",100 × total pause duration / analyzed utterance duration,final reviewed segmentation,False,False,False,All reviewed pause/phrase events contribute to one recording summary; trial boundaries are not separate outputs.,Manual exclusions break pause/phrase sequences and are not counted as ordinary pauses.,test_family09_pause.py; timing/mixed tests; component handoff defect not protected,NOT_DONE,NOT_DONE,NOT_DONE,Selectable child leaf,MATCH,"pause_pattern_components is serialized as JSON, then coerced to numeric by mixed dispatch; its successful value becomes NaN.","pause_pattern_components is serialized as JSON, then coerced to numeric by mixed dispatch; its successful value becomes NaN.",KNOWN DEFECT — FIX BEFORE VALIDATION,,,,,,,,,,,,,,,,,,,,,,,
CONSTRUCT,55,C055,F09,Pause and phrasing,Mean pause duration,mean_pause_duration_s,LIMITED,PROD,Bamboo,Non-speech · Segments,event-level · 16 kHz VAD + original time,pause-event mean,mean pause duration,mean_pause_duration_s,IMPLEMENTED,True,mean(eligible pause durations),Bamboo,Pause events,"original-time reviewed events; no feature resampling; {""minimum_internal_pause_ms"": 300, ""sample_sd_ddof"": 1, ""boundary_source"": ""frozen reviewed segmentation""}",mean(eligible pause durations),final reviewed segmentation,False,False,False,All reviewed pause/phrase events contribute to one recording summary; trial boundaries are not separate outputs.,Manual exclusions break pause/phrase sequences and are not counted as ordinary pauses.,test_family09_pause.py; timing/mixed tests; component handoff defect not protected,NOT_DONE,NOT_DONE,NOT_DONE,Selectable child leaf,MATCH,"pause_pattern_components is serialized as JSON, then coerced to numeric by mixed dispatch; its successful value becomes NaN.","pause_pattern_components is serialized as JSON, then coerced to numeric by mixed dispatch; its successful value becomes NaN.",KNOWN DEFECT — FIX BEFORE VALIDATION,,,,,,,,,,,,,,,,,,,,,,,
CONSTRUCT,56,C056,F09,Pause and phrasing,Mean phrase duration,mean_phrase_duration_s,NOT ESTABLISHED,PROD,Bamboo,Speech · Segments,event-level · 16 kHz VAD + original time,phrase-event mean,mean phrase duration,mean_phrase_duration_s,IMPLEMENTED,True,mean(phrase durations between eligible pauses),Bamboo,Phrase events,"original-time reviewed events; no feature resampling; {""minimum_internal_pause_ms"": 300, ""sample_sd_ddof"": 1, ""boundary_source"": ""frozen reviewed segmentation""}",mean(phrase durations between eligible pauses),final reviewed segmentation,False,False,False,All reviewed pause/phrase events contribute to one recording summary; trial boundaries are not separate outputs.,Manual exclusions break pause/phrase sequences and are not counted as ordinary pauses.,test_family09_pause.py; timing/mixed tests; component handoff defect not protected,NOT_DONE,NOT_DONE,NOT_DONE,Selectable child leaf,MATCH,"pause_pattern_components is serialized as JSON, then coerced to numeric by mixed dispatch; its successful value becomes NaN.","pause_pattern_components is serialized as JSON, then coerced to numeric by mixed dispatch; its successful value becomes NaN.",KNOWN DEFECT — FIX BEFORE VALIDATION,,,,,,,,,,,,,,,,,,,,,,,
CONSTRUCT,57,C057,F09,Pause and phrasing,Pause-pattern marker (composite),pause_pattern_components | pause_pattern_factor_if_frozen,LIMITED,RESEARCH,Bamboo,Both · Segments,derived · derived (no waveform),pause stats → source composite,components; factor only if frozen,pause_pattern_components | pause_pattern_factor_if_frozen,PARTIAL,True,"[mean pause, sample SD pause, CV pause, percent pause]",Bamboo,Whole recording,"original-time reviewed events; no feature resampling; {""minimum_internal_pause_ms"": 300, ""sample_sd_ddof"": 1, ""boundary_source"": ""frozen reviewed segmentation""}","[mean pause, sample SD pause, CV pause, percent pause]",final reviewed segmentation,False,False,False,All reviewed pause/phrase events contribute to one recording summary; trial boundaries are not separate outputs.,Manual exclusions break pause/phrase sequences and are not counted as ordinary pauses.,test_family09_pause.py; timing/mixed tests; component handoff defect not protected,NOT_DONE,NOT_DONE,NOT_DONE,Selectable child leaf,MISMATCH,Component JSON is converted to NaN by the mixed dispatcher. Factor score remains unfrozen.,Component JSON is converted to NaN by the mixed dispatcher. Factor score remains unfrozen.,KNOWN DEFECT — FIX BEFORE VALIDATION,,,,,,,,,,,,,,,,,,,,,,,
CONSTRUCT,58,C058,F10,"DDK performance: rate, count and regularity",DDK rate (syllable repetition rate),ddk_rate_syll_s,MODERATE,PROD,DDK,Speech · Segments,20/5 ms detector · 48 kHz (detector copy OK),validated DDK event detector,cycles ÷ trial time,ddk_rate_syll_s,IMPLEMENTED,True,valid final DDK events / effective analyzed DDK duration,DDK,Full DDK trial and events,"original-time reviewed events; no feature resampling; {""minimum_valid_events"": 5, ""event_landmark"": ""final_reviewed_event_midpoint"", ""rate_denominator"": ""analysis_window_minus_manual_contamination"", ""sequence_break_on_manual_exclusion"": true, ""temporal_variability_definition"": ""mean_absolute_difference_between_adjacent_cycle_intervals""}",valid final DDK events / effective analyzed DDK duration,final reviewed segmentation; reviewed DDK events,False,True,False,"Audit events carry trial_id, but rate uses all valid events and effective recording time. MAD pools eligible adjacent intervals within each sequence, then averages across sequences.",Manual exclusions break DDK event sequences; excluded fragments are removed from feature events.,test_family10_ddk.py; reviewed-DDK mixed integration,NOT_DONE,NOT_DONE,NOT_DONE,Selectable child leaf,PARTIAL,"DDK rate pools events across the recording, although the native event audit has trial_id.","DDK rate pools events across the recording, although the native event audit has trial_id.",SCIENTIFIC CONTRACT NEEDS REVIEW,,,,,,,,,,,,,,,,,,,,,,,
CONSTRUCT,59,C059,F10,"DDK performance: rate, count and regularity",DDK regularity (cycle-to-cycle temporal variability),ddk_cycle_mad_s,LIMITED,PROD,DDK,Speech · Segments,20/5 ms detector · 48 kHz (detector copy OK),DDK event intervals → variability,mean |Δ consecutive intervals|,ddk_cycle_mad_s,IMPLEMENTED,True,mean(abs(T[i+1] - T[i])) within continuous reviewed sequences,DDK,Adjacent cycle intervals,"original-time reviewed events; no feature resampling; {""minimum_valid_events"": 5, ""event_landmark"": ""final_reviewed_event_midpoint"", ""rate_denominator"": ""analysis_window_minus_manual_contamination"", ""sequence_break_on_manual_exclusion"": true, ""temporal_variability_definition"": ""mean_absolute_difference_between_adjacent_cycle_intervals""}",mean(abs(T[i+1] - T[i])) within continuous reviewed sequences,final reviewed segmentation; reviewed DDK events,False,True,False,"Audit events carry trial_id, but rate uses all valid events and effective recording time. MAD pools eligible adjacent intervals within each sequence, then averages across sequences.",Manual exclusions break DDK event sequences; excluded fragments are removed from feature events.,test_family10_ddk.py; reviewed-DDK mixed integration,NOT_DONE,NOT_DONE,NOT_DONE,Selectable child leaf,PARTIAL,"Within-sequence interval differences are combined at recording level, not reported by trial.","Within-sequence interval differences are combined at recording level, not reported by trial.",SCIENTIFIC CONTRACT NEEDS REVIEW,,,,,,,,,,,,,,,,,,,,,,,
CONSTRUCT,60,C060,F11,Intensity and amplitude,Absolute energy,absolute_energy_fs2,NOT ESTABLISHED,VALIDATE,"Sustained /a/, WSTG",Speech · Full,N/A · 48 kHz,raw waveform → Σx²,Σx² over segment,absolute_energy_fs2,IMPLEMENTED,True,sum(x²),"Sustained /a/, WSTG",Defined waveform segment,"native recording rate; private copy only where specified; {""sd_ddof"": 1, ""skew_bias"": false, ""kurtosis_fisher"": true, ""kurtosis_bias"": false, ""normalized_direct_amplitude_policy"": ""NaN""}",sum(x²),final reviewed segmentation,False,False,False,Selected stable region or concatenated reviewed speech spans produce one recording result; no per-trial scalar.,Only eligible reviewed spans enter the waveform; their samples are concatenated for the calculation.,test_family11_amplitude.py; normalized-input mixed tests,NOT_DONE,NOT_DONE,NOT_DONE,Selectable child leaf,PARTIAL,Sum of squared digital samples changes with sampling rate and duration; not calibrated physical energy.,Sum of squared digital samples changes with sampling rate and duration; not calibrated physical energy.,SCIENTIFIC CONTRACT NEEDS REVIEW,,,,,,,,,,,,,,,,,,,,,,,
CONSTRUCT,61,C061,F11,Intensity and amplitude,Sound power,sound_power_digital,NOT ESTABLISHED,VALIDATE,"Sustained /a/, WSTG",Speech · Full,N/A · 48 kHz,TSFEL source-parity sound power,source-defined digital power,sound_power_digital,IMPLEMENTED,True,sum(x²) / duration seconds,"Sustained /a/, WSTG",Defined waveform segment,"native recording rate; private copy only where specified; {""sd_ddof"": 1, ""skew_bias"": false, ""kurtosis_fisher"": true, ""kurtosis_bias"": false, ""normalized_direct_amplitude_policy"": ""NaN""}",sum(x²) / duration seconds,final reviewed segmentation,False,False,False,Selected stable region or concatenated reviewed speech spans produce one recording result; no per-trial scalar.,Only eligible reviewed spans enter the waveform; their samples are concatenated for the calculation.,test_family11_amplitude.py; normalized-input mixed tests,NOT_DONE,NOT_DONE,NOT_DONE,Selectable child leaf,PARTIAL,Digital energy per second is not physical sound power or a demonstrated source-equivalent measure.,Digital energy per second is not physical sound power or a demonstrated source-equivalent measure.,SCIENTIFIC CONTRACT NEEDS REVIEW,,,,,,,,,,,,,,,,,,,,,,,
CONSTRUCT,62,C062,F11,Intensity and amplitude,"Waveform amplitude distribution moments (skewness, kurtosis)",wave_amp_skew | wave_amp_excess_kurtosis,NOT ESTABLISHED,VALIDATE,Sustained /a/,Speech · Full,N/A · 48 kHz,raw waveform → skew / kurtosis,skew + excess kurtosis,wave_amp_skew | wave_amp_excess_kurtosis,IMPLEMENTED,True,"scipy skew, bias=False; scipy kurtosis, fisher=True, bias=False",Sustained /a/,Waveform samples,"native recording rate; private copy only where specified; {""sd_ddof"": 1, ""skew_bias"": false, ""kurtosis_fisher"": true, ""kurtosis_bias"": false, ""normalized_direct_amplitude_policy"": ""NaN""}","scipy skew, bias=False",final reviewed segmentation,False,False,False,Selected stable region or concatenated reviewed speech spans produce one recording result; no per-trial scalar.,Only eligible reviewed spans enter the waveform; their samples are concatenated for the calculation.,test_family11_amplitude.py; normalized-input mixed tests,NOT_DONE,NOT_DONE,NOT_DONE,Selectable child leaf,MATCH,Absolute energy and digital sound power are acquisition- and sampling-dependent; source-equivalence and BYOD utility need review.,Absolute energy and digital sound power are acquisition- and sampling-dependent; source-equivalence and BYOD utility need review.,SCIENTIFIC CONTRACT NEEDS REVIEW,,,,,,,,,,,,,,,,,,,,,,,
CONSTRUCT,63,C063,F11,Intensity and amplitude,Acoustic amplitude-dynamics marker (visibility-graph density),visibility_graph_density_amp,LIMITED,RESEARCH,Bamboo,Speech · Frames,50 ms; no overlap* · 48 kHz,50 ms local SD → visibility graph,visibility-graph density,visibility_graph_density_amp,IMPLEMENTED,True,natural visibility graph density 2m/(M(M-1)),Bamboo,50 ms non-overlapping local-SD windows,"native recording rate; private copy only where specified; {""sd_ddof"": 1, ""skew_bias"": false, ""kurtosis_fisher"": true, ""kurtosis_bias"": false, ""normalized_direct_amplitude_policy"": ""NaN""}",natural visibility graph density 2m/(M(M-1)),final reviewed segmentation,False,False,False,Selected stable region or concatenated reviewed speech spans produce one recording result; no per-trial scalar.,Only eligible reviewed spans enter the waveform; their samples are concatenated for the calculation.,test_family11_amplitude.py; normalized-input mixed tests,NOT_DONE,NOT_DONE,NOT_DONE,Selectable child leaf,MATCH,Absolute energy and digital sound power are acquisition- and sampling-dependent; source-equivalence and BYOD utility need review.,Absolute energy and digital sound power are acquisition- and sampling-dependent; source-equivalence and BYOD utility need review.,SCIENTIFIC CONTRACT NEEDS REVIEW,,,,,,,,,,,,,,,,,,,,,,,
CONSTRUCT,64,C064,F11,Intensity and amplitude,Waveform amplitude descriptive statistics (mean/SD/max/min),amp_mean_fs | amp_sd_fs | amp_min_fs | amp_max_fs,LIMITED,VALIDATE,Sustained /a/,Speech · Full,N/A · 48 kHz,raw waveform → mean/SD/min/max,mean/SD/max/min separately,amp_mean_fs | amp_sd_fs | amp_min_fs | amp_max_fs,IMPLEMENTED,True,"mean(x); sample SD(x), ddof=1; min(x); max(x)",Sustained /a/,Waveform samples,"native recording rate; private copy only where specified; {""sd_ddof"": 1, ""skew_bias"": false, ""kurtosis_fisher"": true, ""kurtosis_bias"": false, ""normalized_direct_amplitude_policy"": ""NaN""}",mean(x),final reviewed segmentation,False,False,False,Selected stable region or concatenated reviewed speech spans produce one recording result; no per-trial scalar.,Only eligible reviewed spans enter the waveform; their samples are concatenated for the calculation.,test_family11_amplitude.py; normalized-input mixed tests,NOT_DONE,NOT_DONE,NOT_DONE,Selectable child leaf,MATCH,Absolute energy and digital sound power are acquisition- and sampling-dependent; source-equivalence and BYOD utility need review.,Absolute energy and digital sound power are acquisition- and sampling-dependent; source-equivalence and BYOD utility need review.,SCIENTIFIC CONTRACT NEEDS REVIEW,,,,,,,,,,,,,,,,,,,,,,,
CONSTRUCT,65,C065,F12,Spectral and cepstral descriptors,Mel-frequency cepstral coefficients (MFCC),mfcc01_mean | mfcc01_sd | mfcc02_mean | mfcc02_sd | mfcc03_mean | mfcc03_sd | mfcc04_mean | mfcc04_sd | mfcc05_mean | mfcc05_sd | mfcc06_mean | mfcc06_sd | mfcc07_mean | mfcc07_sd | mfcc08_mean | mfcc08_sd | mfcc09_mean | mfcc09_sd | mfcc10_mean | mfcc10_sd | mfcc11_mean | mfcc11_sd | mfcc12_mean | mfcc12_sd | mfcc13_mean | mfcc13_sd,NOT ESTABLISHED,PROD,Sustained /a/,Speech · Frames,25/10 ms · 48 kHz,STFT → Mel filter bank → log → DCT,frame matrix; mean+SD/coef,mfcc01_mean | mfcc01_sd | mfcc02_mean | mfcc02_sd | mfcc03_mean | mfcc03_sd | mfcc04_mean | mfcc04_sd | mfcc05_mean | mfcc05_sd | mfcc06_mean | mfcc06_sd | mfcc07_mean | mfcc07_sd | mfcc08_mean | mfcc08_sd | mfcc09_mean | mfcc09_sd | mfcc10_mean | mfcc10_sd | mfcc11_mean | mfcc11_sd | mfcc12_mean | mfcc12_sd | mfcc13_mean | mfcc13_sd,IMPLEMENTED,True,Frozen explicit Family 12 estimator; Frozen explicit Family 12 estimator; Frozen explicit Family 12 estimator; Frozen explicit Family 12 estimator; Frozen explicit Family 12 estimator; Frozen explicit Family 12 estimator; Frozen explicit Family 12 estimator; Frozen explicit Family 12 estimator; Frozen explicit Family 12 estimator; Frozen explicit Family 12 estimator; Frozen explicit Family 12 estimator; Frozen explicit Family 12 estimator; Frozen explicit Family 12 estimator; Frozen explicit Family 12 estimator; Frozen explicit Family 12 estimator; Frozen explicit Family 12 estimator; Frozen explicit Family 12 estimator; Frozen explicit Family 12 estimator; Frozen explicit Family 12 estimator; Frozen explicit Family 12 estimator; Frozen explicit Family 12 estimator; Frozen explicit Family 12 estimator; Frozen explicit Family 12 estimator; Frozen explicit Family 12 estimator; Frozen explicit Family 12 estimator; Frozen explicit Family 12 estimator,Sustained /a/,Frames,"private 48 kHz working waveform; canonical audio immutable; {""working_sample_rate_hz"": 48000, ""window_ms"": 25, ""hop_ms"": 10, ""n_fft"": 2048, ""center"": false, ""minimum_frames"": 10, ""n_mels"": 40, ""n_mfcc"": 13, ""fmin_hz"": 50, ""fmax_hz"": 8000, ""dct_type"": 2, ""norm"": ""ortho"", ""preemphasis"": false, ""c0_retained"": true, ""mel_scale"": ""slaney"", ""log"": ""natural""}",Frozen explicit Family 12 estimator,final reviewed segmentation,False,False,False,Selected stable region or concatenated reviewed speech spans produce recording summaries; no per-trial spectral/cepstral scalar.,Only eligible reviewed spans enter the waveform; concatenation creates artificial joins for transition-sensitive descriptors.,test_family12_spectral.py; selected-only mixed tests,NOT_DONE,NOT_DONE,NOT_DONE,Selectable child leaf,MATCH,Transition-sensitive spectral flux can include artificial joins between reviewed speech spans; inspect other descriptors and source parity.,Transition-sensitive spectral flux can include artificial joins between reviewed speech spans; inspect other descriptors and source parity.,SCIENTIFIC CONTRACT NEEDS REVIEW,,,,,,,,,,,,,,,,,,,,,,,
CONSTRUCT,66,C066,F12,Spectral and cepstral descriptors,Spectral bandwidth,spectral_bandwidth_p2_mean_hz | spectral_bandwidth_p2_median_hz,NOT ESTABLISHED,VARIANT,"Sustained /a/, WSTG",Speech · Frames,25/10 ms · 48 kHz,STFT → spectral central moment,mean + median across frames,spectral_bandwidth_p2_mean_hz | spectral_bandwidth_p2_median_hz,IMPLEMENTED,True,Frozen explicit Family 12 estimator; Frozen explicit Family 12 estimator,"Sustained /a/, WSTG",Frames,"private 48 kHz working waveform; canonical audio immutable; {""working_sample_rate_hz"": 48000, ""window_ms"": 25, ""hop_ms"": 10, ""n_fft"": 2048, ""center"": false, ""minimum_frames"": 10}",Frozen explicit Family 12 estimator,final reviewed segmentation,False,False,False,Selected stable region or concatenated reviewed speech spans produce recording summaries; no per-trial spectral/cepstral scalar.,Only eligible reviewed spans enter the waveform; concatenation creates artificial joins for transition-sensitive descriptors.,test_family12_spectral.py; selected-only mixed tests,NOT_DONE,NOT_DONE,NOT_DONE,Selectable child leaf,MATCH,Transition-sensitive spectral flux can include artificial joins between reviewed speech spans; inspect other descriptors and source parity.,Transition-sensitive spectral flux can include artificial joins between reviewed speech spans; inspect other descriptors and source parity.,SCIENTIFIC CONTRACT NEEDS REVIEW,,,,,,,,,,,,,,,,,,,,,,,
CONSTRUCT,67,C067,F12,Spectral and cepstral descriptors,Spectral contrast (peak-valley band energy contrast),spectral_contrast_band0_db | spectral_contrast_band1_db | spectral_contrast_band2_db | spectral_contrast_band3_db | spectral_contrast_band4_db | spectral_contrast_band5_db | spectral_contrast_band6_db,NOT ESTABLISHED,PROD,Sustained /a/,Speech · Frames,25/10 ms · 48 kHz,STFT → sub-band peak–valley contrast,mean per contrast band,spectral_contrast_band0_db | spectral_contrast_band1_db | spectral_contrast_band2_db | spectral_contrast_band3_db | spectral_contrast_band4_db | spectral_contrast_band5_db | spectral_contrast_band6_db,IMPLEMENTED,True,Frozen explicit Family 12 estimator; Frozen explicit Family 12 estimator; Frozen explicit Family 12 estimator; Frozen explicit Family 12 estimator; Frozen explicit Family 12 estimator; Frozen explicit Family 12 estimator; Frozen explicit Family 12 estimator,Sustained /a/,Frames,"private 48 kHz working waveform; canonical audio immutable; {""working_sample_rate_hz"": 48000, ""window_ms"": 25, ""hop_ms"": 10, ""n_fft"": 2048, ""center"": false, ""minimum_frames"": 10, ""library"": ""librosa"", ""library_version"": ""0.11.0"", ""fmin_hz"": 200, ""n_bands"": 6, ""quantile"": 0.02, ""linear"": false, ""input"": ""STFT magnitude"", ""log_convention"": ""librosa power_to_db(peak) - power_to_db(valley)"", ""aggregation"": ""mean per band""}",Frozen explicit Family 12 estimator,final reviewed segmentation,False,False,False,Selected stable region or concatenated reviewed speech spans produce recording summaries; no per-trial spectral/cepstral scalar.,Only eligible reviewed spans enter the waveform; concatenation creates artificial joins for transition-sensitive descriptors.,test_family12_spectral.py; selected-only mixed tests,NOT_DONE,NOT_DONE,NOT_DONE,Selectable child leaf,MATCH,Transition-sensitive spectral flux can include artificial joins between reviewed speech spans; inspect other descriptors and source parity.,Transition-sensitive spectral flux can include artificial joins between reviewed speech spans; inspect other descriptors and source parity.,SCIENTIFIC CONTRACT NEEDS REVIEW,,,,,,,,,,,,,,,,,,,,,,,
CONSTRUCT,68,C068,F12,Spectral and cepstral descriptors,"Spectral-band magnitude (1-4 kHz, openSMILE FFT)",opensmile_1_4khz_<functional>,NOT ESTABLISHED,PROD,WSTG,Speech · Frames,source config · 48 kHz,openSMILE FFT · 1–4 kHz band,source functional(s),,UNRESOLVED_TEMPLATE,False,Template / internal calculator only,WSTG,Frames,"private 48 kHz working waveform; canonical audio immutable; {""working_sample_rate_hz"": 48000, ""window_ms"": 25, ""hop_ms"": 10, ""n_fft"": 2048, ""center"": false, ""minimum_frames"": 10}",Frozen explicit Family 12 estimator,final reviewed segmentation,False,False,False,Selected stable region or concatenated reviewed speech spans produce recording summaries; no per-trial spectral/cepstral scalar.,Only eligible reviewed spans enter the waveform; concatenation creates artificial joins for transition-sensitive descriptors.,test_family12_spectral.py; selected-only mixed tests,NOT_DONE,NOT_DONE,NOT_DONE,Visible unavailable leaf/construct or unresolved template; nonselectable,UNRESOLVED,Transition-sensitive spectral flux can include artificial joins between reviewed speech spans; inspect other descriptors and source parity.,Transition-sensitive spectral flux can include artificial joins between reviewed speech spans; inspect other descriptors and source parity.,SCIENTIFIC CONTRACT NEEDS REVIEW,,,,,,,,,,,,,,,,,,,,,,,
CONSTRUCT,69,C069,F12,Spectral and cepstral descriptors,Zero-crossing rate (ZCR),zcr_mean_fraction | zcr_median_fraction,NOT ESTABLISHED,PROD,Sustained /a/,Speech · Frames,25/10 ms · 48 kHz,frame sign changes → ZCR,mean + median across frames,zcr_mean_fraction | zcr_median_fraction,IMPLEMENTED,True,Frozen explicit Family 12 estimator; Frozen explicit Family 12 estimator,Sustained /a/,Frames,"private 48 kHz working waveform; canonical audio immutable; {""working_sample_rate_hz"": 48000, ""window_ms"": 25, ""hop_ms"": 10, ""n_fft"": 2048, ""center"": false, ""minimum_frames"": 10}",Frozen explicit Family 12 estimator,final reviewed segmentation,False,False,False,Selected stable region or concatenated reviewed speech spans produce recording summaries; no per-trial spectral/cepstral scalar.,Only eligible reviewed spans enter the waveform; concatenation creates artificial joins for transition-sensitive descriptors.,test_family12_spectral.py; selected-only mixed tests,NOT_DONE,NOT_DONE,NOT_DONE,Selectable child leaf,MATCH,Transition-sensitive spectral flux can include artificial joins between reviewed speech spans; inspect other descriptors and source parity.,Transition-sensitive spectral flux can include artificial joins between reviewed speech spans; inspect other descriptors and source parity.,SCIENTIFIC CONTRACT NEEDS REVIEW,,,,,,,,,,,,,,,,,,,,,,,
CONSTRUCT,70,C070,F12,Spectral and cepstral descriptors,"Spectral moments (M1-M4: mean, standard deviation, skewness, kurtosis)",spec_m1_hz | spec_m2_hz | spec_m3_skew | spec_m4_kurtosis,LIMITED,PROD,WSTG,Speech · Frames,25/10 ms · 48 kHz,power spectrum → M1–M4,each moment → frame summary,spec_m1_hz | spec_m2_hz | spec_m3_skew | spec_m4_kurtosis,IMPLEMENTED,True,Frozen explicit Family 12 estimator; Frozen explicit Family 12 estimator; Frozen explicit Family 12 estimator; Frozen explicit Family 12 estimator,WSTG,Frames,"private 48 kHz working waveform; canonical audio immutable; {""working_sample_rate_hz"": 48000, ""window_ms"": 25, ""hop_ms"": 10, ""n_fft"": 2048, ""center"": false, ""minimum_frames"": 10}",Frozen explicit Family 12 estimator,final reviewed segmentation,False,False,False,Selected stable region or concatenated reviewed speech spans produce recording summaries; no per-trial spectral/cepstral scalar.,Only eligible reviewed spans enter the waveform; concatenation creates artificial joins for transition-sensitive descriptors.,test_family12_spectral.py; selected-only mixed tests,NOT_DONE,NOT_DONE,NOT_DONE,Selectable child leaf,MATCH,Transition-sensitive spectral flux can include artificial joins between reviewed speech spans; inspect other descriptors and source parity.,Transition-sensitive spectral flux can include artificial joins between reviewed speech spans; inspect other descriptors and source parity.,SCIENTIFIC CONTRACT NEEDS REVIEW,,,,,,,,,,,,,,,,,,,,,,,
CONSTRUCT,71,C071,F12,Spectral and cepstral descriptors,"Spectral shape descriptors (centroid, spread, skewness, kurtosis, slope, flux, crest, flatness)",spectral_centroid_hz | spectral_spread_hz | spectral_skew | spectral_kurtosis | spectral_slope_db_khz | spectral_flux | spectral_crest | spectral_flatness,LIMITED,PROD,Bamboo,Speech · Frames,25/10 ms · 48 kHz,shared STFT → named spectral descriptors,each descriptor separately,spectral_centroid_hz | spectral_spread_hz | spectral_skew | spectral_kurtosis | spectral_slope_db_khz | spectral_flux | spectral_crest | spectral_flatness,IMPLEMENTED,True,Frozen explicit Family 12 estimator; Frozen explicit Family 12 estimator; Frozen explicit Family 12 estimator; Frozen explicit Family 12 estimator; Frozen explicit Family 12 estimator; Frozen explicit Family 12 estimator; Frozen explicit Family 12 estimator; Frozen explicit Family 12 estimator,Bamboo,Frames,"private 48 kHz working waveform; canonical audio immutable; {""working_sample_rate_hz"": 48000, ""window_ms"": 25, ""hop_ms"": 10, ""n_fft"": 2048, ""center"": false, ""minimum_frames"": 10}",Frozen explicit Family 12 estimator,final reviewed segmentation,False,False,False,Selected stable region or concatenated reviewed speech spans produce recording summaries; no per-trial spectral/cepstral scalar.,Only eligible reviewed spans enter the waveform; concatenation creates artificial joins for transition-sensitive descriptors.,test_family12_spectral.py; selected-only mixed tests,NOT_DONE,NOT_DONE,NOT_DONE,Selectable child leaf,PARTIAL,"Spectral flux is calculated after reviewed spans are concatenated, so a join can add a false transition.","Spectral flux is calculated after reviewed spans are concatenated, so a join can add a false transition.",SCIENTIFIC CONTRACT NEEDS REVIEW,,,,,,,,,,,,,,,,,,,,,,,
CONSTRUCT,72,C072,F13,"Nonlinear complexity, rhythm and regularity composites",Pitch period entropy (PPE),ppe_source_replication_only,NOT ESTABLISHED,RESEARCH,Sustained /a/,Speech · Frames,F0 track + 31 bins · 48 kHz,F0 → semitone residual → whitening → entropy,Shannon entropy of residual histogram,ppe_source_replication_only,NOT_IMPLEMENTED,False,No executable calculator,Sustained /a/,stable sustained-vowel F0 contour,not applicable / not frozen; {},-sum(p_i * log2(p_i)) across 31 residual bins,canonical audio / task metadata,False,False,False,No concrete executable outputs or trial aggregation.,No public calculation.,test_family13_closure.py; no executable leaf,NOT_DONE,NOT_DONE,NOT_DONE,Visible unavailable leaf/construct or unresolved template; nonselectable,UNRESOLVED,"PPE whitening, entropy/wavelet/RQA/modulation settings and factor transforms are not source-complete for production IDs.","PPE whitening, entropy/wavelet/RQA/modulation settings and factor transforms are not source-complete for production IDs.",RESEARCH ONLY / NOT PRODUCTION READY,,,,,,,,,,,,,,,,,,,,,,,
CONSTRUCT,73,C073,F13,"Nonlinear complexity, rhythm and regularity composites",Signal entropy,sample_entropy_<config> | shannon_signal_entropy_<config>,NOT ESTABLISHED,VARIANT,"Sustained /a/, WSTG",Speech · Frames,variant-specific · 48 kHz,explicit entropy variant only,separate entropy variants,,UNRESOLVED_TEMPLATE,False,Template / internal calculator only,Not specified,No public output,No public parameter profile,No public aggregation,Not executable,False,False,False,No concrete executable outputs or trial aggregation.,No public calculation.,test_family13_closure.py; no executable leaf,NOT_DONE,NOT_DONE,NOT_DONE,Visible unavailable leaf/construct or unresolved template; nonselectable,UNRESOLVED,"PPE whitening, entropy/wavelet/RQA/modulation settings and factor transforms are not source-complete for production IDs.","PPE whitening, entropy/wavelet/RQA/modulation settings and factor transforms are not source-complete for production IDs.",RESEARCH ONLY / NOT PRODUCTION READY,,,,,,,,,,,,,,,,,,,,,,,
CONSTRUCT,74,C074,F13,"Nonlinear complexity, rhythm and regularity composites",Spectral entropy marker (WPD Shannon entropy),psd_spectral_entropy_<config> | wpd_shannon_entropy_<wavelet>_L<level>,NOT ESTABLISHED,RESEARCH,Bamboo,Speech · Frames,transform-specific · 48 kHz,wavelet packet / PSD entropy · split variants,entropy per WPD band/level,,UNRESOLVED_TEMPLATE,False,Template / internal calculator only,Not specified,No public output,No public parameter profile,No public aggregation,Not executable,False,False,False,No concrete executable outputs or trial aggregation.,No public calculation.,test_family13_closure.py; no executable leaf,NOT_DONE,NOT_DONE,NOT_DONE,Visible unavailable leaf/construct or unresolved template; nonselectable,UNRESOLVED,"PPE whitening, entropy/wavelet/RQA/modulation settings and factor transforms are not source-complete for production IDs.","PPE whitening, entropy/wavelet/RQA/modulation settings and factor transforms are not source-complete for production IDs.",RESEARCH ONLY / NOT PRODUCTION READY,,,,,,,,,,,,,,,,,,,,,,,
CONSTRUCT,75,C075,F13,"Nonlinear complexity, rhythm and regularity composites",Wavelet sub-band energy (multi-resolution),wavelet_energy_<wavelet>_L<level>_<node>,NOT ESTABLISHED,RESEARCH,Sustained /a/,Speech · Full,transform-specific · 48 kHz,PyWavelets sub-band coefficients → energy,energy per sub-band,,UNRESOLVED_TEMPLATE,False,Template / internal calculator only,Sustained /a/,No public output,No public parameter profile,No public aggregation,Not executable,False,False,False,No concrete executable outputs or trial aggregation.,No public calculation.,test_family13_closure.py; no executable leaf,NOT_DONE,NOT_DONE,NOT_DONE,Visible unavailable leaf/construct or unresolved template; nonselectable,UNRESOLVED,"PPE whitening, entropy/wavelet/RQA/modulation settings and factor transforms are not source-complete for production IDs.","PPE whitening, entropy/wavelet/RQA/modulation settings and factor transforms are not source-complete for production IDs.",RESEARCH ONLY / NOT PRODUCTION READY,,,,,,,,,,,,,,,,,,,,,,,
CONSTRUCT,76,C076,F13,"Nonlinear complexity, rhythm and regularity composites",Acoustic complexity marker (RQA determinism of MFCCs),rqa_det_mfcc<k>_<config>,LIMITED,RESEARCH,"Sustained /a/, Bamboo",Speech · Frames,source-specific; ~1 s bridge · 48 kHz,MFCC trajectory → RQA determinism,DET per coef/segment → source agg.,,UNRESOLVED_TEMPLATE,False,Template / internal calculator only,Bamboo,No public output,No public parameter profile,No public aggregation,Not executable,False,False,False,No concrete executable outputs or trial aggregation.,No public calculation.,test_family13_closure.py; no executable leaf,NOT_DONE,NOT_DONE,NOT_DONE,Visible unavailable leaf/construct or unresolved template; nonselectable,UNRESOLVED,"PPE whitening, entropy/wavelet/RQA/modulation settings and factor transforms are not source-complete for production IDs.","PPE whitening, entropy/wavelet/RQA/modulation settings and factor transforms are not source-complete for production IDs.",RESEARCH ONLY / NOT PRODUCTION READY,,,,,,,,,,,,,,,,,,,,,,,
CONSTRUCT,77,C077,F13,"Nonlinear complexity, rhythm and regularity composites",Articulatory dynamics marker (complexity + rate of vocal-tract movement),dynamics_det_dmfcc_components | dynamics_articulation_rate | dynamics_factor_if_frozen,LIMITED,RESEARCH,Bamboo,Speech · Frames,1 s RQA segments · 48 kHz,delta-MFCC RQA + articulation rate,components; factor only if frozen,dynamics_det_dmfcc_components | dynamics_articulation_rate | dynamics_factor_if_frozen,NOT_IMPLEMENTED,False,No executable calculator,Bamboo,sentence / source stationary segments,not applicable / not frozen; {},"factor = w^T z([delta-MFCC DET, articulation rate]) + b",canonical audio / task metadata,False,False,False,No concrete executable outputs or trial aggregation.,No public calculation.,test_family13_closure.py; no executable leaf,NOT_DONE,NOT_DONE,NOT_DONE,Visible unavailable leaf/construct or unresolved template; nonselectable,UNRESOLVED,"PPE whitening, entropy/wavelet/RQA/modulation settings and factor transforms are not source-complete for production IDs.","PPE whitening, entropy/wavelet/RQA/modulation settings and factor transforms are not source-complete for production IDs.",RESEARCH ONLY / NOT PRODUCTION READY,,,,,,,,,,,,,,,,,,,,,,,
CONSTRUCT,78,C078,F13,"Nonlinear complexity, rhythm and regularity composites",Rhythmic modulation marker (composite),rhythm_factor_if_frozen | rhythm_moddepth_<band> | rhythm_psi_<coupling>,LIMITED,RESEARCH,Bamboo,Speech · Frames,envelope→100 Hz · 48 kHz,critical-band envelopes → modulation composite,components; factor only if frozen,rhythm_factor_if_frozen,UNRESOLVED_TEMPLATE,False,Template / internal calculator only,Bamboo,connected-speech segment,not applicable / not frozen; {},factor = w^T z(modulation-depth and phase-synchrony components) + b,canonical audio / task metadata,False,False,False,No concrete executable outputs or trial aggregation.,No public calculation.,test_family13_closure.py; no executable leaf,NOT_DONE,NOT_DONE,NOT_DONE,Visible unavailable leaf/construct or unresolved template; nonselectable,UNRESOLVED,"PPE whitening, entropy/wavelet/RQA/modulation settings and factor transforms are not source-complete for production IDs.","PPE whitening, entropy/wavelet/RQA/modulation settings and factor transforms are not source-complete for production IDs.",RESEARCH ONLY / NOT PRODUCTION READY,,,,,,,,,,,,,,,,,,,,,,,
CONSTRUCT,79,C079,F13,"Nonlinear complexity, rhythm and regularity composites",Speech regularity marker (composite),regularity_visibility_density | regularity_psi_components | regularity_factor_if_frozen,LIMITED,RESEARCH,Bamboo,Speech · Frames,10 ms local-SD series · 48 kHz,visibility graph + phase synchrony → composite,components; factor only if frozen,regularity_visibility_density | regularity_psi_components | regularity_factor_if_frozen,NOT_IMPLEMENTED,False,No executable calculator,Bamboo,sentence-level connected speech,not applicable / not frozen; {},"factor = w^T z([visibility density, selected PSI components]) + b",canonical audio / task metadata,False,False,False,No concrete executable outputs or trial aggregation.,No public calculation.,test_family13_closure.py; no executable leaf,NOT_DONE,NOT_DONE,NOT_DONE,Visible unavailable leaf/construct or unresolved template; nonselectable,UNRESOLVED,"PPE whitening, entropy/wavelet/RQA/modulation settings and factor transforms are not source-complete for production IDs.","PPE whitening, entropy/wavelet/RQA/modulation settings and factor transforms are not source-complete for production IDs.",RESEARCH ONLY / NOT PRODUCTION READY,,,,,,,,,,,,,,,,,,,,,,,
LEAF,1,C001,F01,F0 and pitch variability,Fundamental frequency (F0),f0_mean_hz,NOT ESTABLISHED,,,,,,,,,True,,,,,,,,,,,,,,NOT_DONE,,,,,,,IMPLEMENTED,True,voice,calculate_f0_features,family01-praat-ac-1.0.0,family01_f0_praat_ac_v1,Hz,60–500 Hz,Sustained /a/,stable phonation or final reviewed speech region,Voiced frames,native recording rate; private copy only where specified,"{""pitch_floor_hz"": 60, ""pitch_ceiling_hz"": 500, ""time_step_sec"": 0.005, ""minimum_valid_frames"": 20, ""minimum_sustained_tracking_yield"": 0.8}",mean(valid F0 in Hz),final reviewed segmentation; voiced/stable region,recording scalar,F0 track / pulse audit,NaN with per-feature failure reason on unmet prerequisite or invalid result,mixed result + family run manifest + native audit where available,test_family01_f0.py; test_family01_reviewed_f0.py,NOT_DONE,Independent parity and real-data validation not established,SOURCE_DEFINED_ID
LEAF,1,C001,F01,F0 and pitch variability,Fundamental frequency (F0),f0_median_hz,NOT ESTABLISHED,,,,,,,,,True,,,,,,,,,,,,,,NOT_DONE,,,,,,,IMPLEMENTED,True,voice,calculate_f0_features,family01-praat-ac-1.0.0,family01_f0_praat_ac_v1,Hz,60–500 Hz,Sustained /a/,stable phonation or final reviewed speech region,Voiced frames,native recording rate; private copy only where specified,"{""pitch_floor_hz"": 60, ""pitch_ceiling_hz"": 500, ""time_step_sec"": 0.005, ""minimum_valid_frames"": 20, ""minimum_sustained_tracking_yield"": 0.8}",median(valid F0 in Hz),final reviewed segmentation; voiced/stable region,recording scalar,F0 track / pulse audit,NaN with per-feature failure reason on unmet prerequisite or invalid result,mixed result + family run manifest + native audit where available,test_family01_f0.py; test_family01_reviewed_f0.py,NOT_DONE,Independent parity and real-data validation not established,SOURCE_DEFINED_ID
LEAF,2,C002,F01,F0 and pitch variability,Frequency variability (vF0),f0_sd_st,NOT ESTABLISHED,,,,,,,,,True,,,,,,,,,,,,,,NOT_DONE,,,,,,,IMPLEMENTED,True,voice,calculate_f0_features,family01-praat-ac-1.0.0,family01_f0_praat_ac_v1,st,—,Bamboo,stable phonation or final reviewed speech region,Voiced frames,native recording rate; private copy only where specified,"{""pitch_floor_hz"": 60, ""pitch_ceiling_hz"": 500, ""time_step_sec"": 0.005, ""minimum_valid_frames"": 20, ""minimum_sustained_tracking_yield"": 0.8}",sample SD(12 log2(F0/median F0)),final reviewed segmentation; voiced/stable region,recording scalar,F0 track / pulse audit,NaN with per-feature failure reason on unmet prerequisite or invalid result,mixed result + family run manifest + native audit where available,test_family01_f0.py; test_family01_reviewed_f0.py,NOT_DONE,Independent parity and real-data validation not established,SOURCE_DEFINED_ID
LEAF,2,C002,F01,F0 and pitch variability,Frequency variability (vF0),f0_iqr_st,NOT ESTABLISHED,,,,,,,,,True,,,,,,,,,,,,,,NOT_DONE,,,,,,,IMPLEMENTED,True,voice,calculate_f0_features,family01-praat-ac-1.0.0,family01_f0_praat_ac_v1,st,—,Bamboo,stable phonation or final reviewed speech region,Voiced frames,native recording rate; private copy only where specified,"{""pitch_floor_hz"": 60, ""pitch_ceiling_hz"": 500, ""time_step_sec"": 0.005, ""minimum_valid_frames"": 20, ""minimum_sustained_tracking_yield"": 0.8}",Q75(st)-Q25(st),final reviewed segmentation; voiced/stable region,recording scalar,F0 track / pulse audit,NaN with per-feature failure reason on unmet prerequisite or invalid result,mixed result + family run manifest + native audit where available,test_family01_f0.py; test_family01_reviewed_f0.py,NOT_DONE,Independent parity and real-data validation not established,SOURCE_DEFINED_ID
LEAF,2,C002,F01,F0 and pitch variability,Frequency variability (vF0),f0_range_st,NOT ESTABLISHED,,,,,,,,,True,,,,,,,,,,,,,,NOT_DONE,,,,,,,IMPLEMENTED,True,voice,calculate_f0_features,family01-praat-ac-1.0.0,family01_f0_praat_ac_v1,st,—,Bamboo,stable phonation or final reviewed speech region,Voiced frames,native recording rate; private copy only where specified,"{""pitch_floor_hz"": 60, ""pitch_ceiling_hz"": 500, ""time_step_sec"": 0.005, ""minimum_valid_frames"": 20, ""minimum_sustained_tracking_yield"": 0.8}",max(st)-min(st),final reviewed segmentation; voiced/stable region,recording scalar,F0 track / pulse audit,NaN with per-feature failure reason on unmet prerequisite or invalid result,mixed result + family run manifest + native audit where available,test_family01_f0.py; test_family01_reviewed_f0.py,NOT_DONE,Independent parity and real-data validation not established,SOURCE_DEFINED_ID
LEAF,3,C003,F01,F0 and pitch variability,Phonatory frequency range (PFR),pfr_maxmin_st,LIMITED,,,,,,,,,True,,,,,,,,,,,,,,NOT_DONE,,,,,,,IMPLEMENTED,True,voice,calculate_f0_features,family01-praat-ac-1.0.0,family01_f0_praat_ac_v1,st,—,Sustained /a/,stable phonation or final reviewed speech region,Voiced frames,native recording rate; private copy only where specified,"{""pitch_floor_hz"": 60, ""pitch_ceiling_hz"": 500, ""time_step_sec"": 0.005, ""minimum_valid_frames"": 20, ""minimum_sustained_tracking_yield"": 0.8}",12 log2(max valid F0/min valid F0),final reviewed segmentation; voiced/stable region,recording scalar,F0 track / pulse audit,NaN with per-feature failure reason on unmet prerequisite or invalid result,mixed result + family run manifest + native audit where available,test_family01_f0.py; test_family01_reviewed_f0.py,NOT_DONE,Independent parity and real-data validation not established,SOURCE_DEFINED_ID
LEAF,4,C004,F01,F0 and pitch variability,Intonation marker (F0 variability composite),intonation_f0_sd_st,LIMITED,,,,,,,,,True,,,,,,,,,,,,,,NOT_DONE,,,,,,,IMPLEMENTED,True,voice,calculate_f0_features,family01-praat-ac-1.0.0,family01_f0_praat_ac_v1,st,—,Bamboo,stable phonation or final reviewed speech region,Voiced frames,native recording rate; private copy only where specified,"{""pitch_floor_hz"": 60, ""pitch_ceiling_hz"": 500, ""time_step_sec"": 0.005, ""minimum_valid_frames"": 20, ""minimum_sustained_tracking_yield"": 0.8}",sample SD(12 log2(F0/median F0)),final reviewed segmentation; voiced/stable region,recording scalar,F0 track / pulse audit,NaN with per-feature failure reason on unmet prerequisite or invalid result,mixed result + family run manifest + native audit where available,test_family01_f0.py; test_family01_reviewed_f0.py,NOT_DONE,Independent parity and real-data validation not established,SOURCE_DEFINED_ID
LEAF,4,C004,F01,F0 and pitch variability,Intonation marker (F0 variability composite),intonation_f0_iqr_st,LIMITED,,,,,,,,,True,,,,,,,,,,,,,,NOT_DONE,,,,,,,IMPLEMENTED,True,voice,calculate_f0_features,family01-praat-ac-1.0.0,family01_f0_praat_ac_v1,st,—,Bamboo,stable phonation or final reviewed speech region,Voiced frames,native recording rate; private copy only where specified,"{""pitch_floor_hz"": 60, ""pitch_ceiling_hz"": 500, ""time_step_sec"": 0.005, ""minimum_valid_frames"": 20, ""minimum_sustained_tracking_yield"": 0.8}",Q75(st)-Q25(st),final reviewed segmentation; voiced/stable region,recording scalar,F0 track / pulse audit,NaN with per-feature failure reason on unmet prerequisite or invalid result,mixed result + family run manifest + native audit where available,test_family01_f0.py; test_family01_reviewed_f0.py,NOT_DONE,Independent parity and real-data validation not established,SOURCE_DEFINED_ID
LEAF,4,C004,F01,F0 and pitch variability,Intonation marker (F0 variability composite),intonation_factor_score_if_frozen,LIMITED,,,,,,,,,False,,,,,,,,,,,,,,NOT_DONE,,,,,,,NOT_IMPLEMENTED,False,voice,calculate_f0_features,family01-praat-ac-1.0.0,family01_f0_praat_ac_v1,source-specific score,—,Bamboo,stable phonation or final reviewed speech region,Whole task,native recording rate; private copy only where specified,"{""pitch_floor_hz"": 60, ""pitch_ceiling_hz"": 500, ""time_step_sec"": 0.005, ""minimum_valid_frames"": 20, ""minimum_sustained_tracking_yield"": 0.8}",source factor transform,final reviewed segmentation; voiced/stable region,no executable output,F0 track / pulse audit,Not selectable,mixed result + family run manifest + native audit where available,not executable; registry/closure check,NOT_DONE,Source/definition not complete,SOURCE_DEFINED_ID
LEAF,5,C005,F02,"Voice quality, perturbation and noise",Jitter,jitter_local_pct,MODERATE,,,,,,,,,True,,,,,,,,,,,,,,NOT_DONE,,,,,,,IMPLEMENTED,True,voice,calculate_voice_quality,family02-praat-1.0.0,family02_stable_vowel_praat_v1,%,—,Sustained /a/,final reviewed stable phonation region,Cycles,native recording rate; private copy only where specified,"{""pitch_floor_hz"": 60, ""pitch_ceiling_hz"": 500, ""period_floor_sec"": 0.0016, ""period_ceiling_sec"": 0.020833333333333332, ""max_period_factor"": 1.3, ""max_amplitude_factor"": 1.6, ""hnr_time_step_sec"": 0.01, ""hnr_periods_per_window"": 4.5}",100 × Praat local jitter,final reviewed segmentation; voiced/stable region,recording scalar,voice pulse/track audit,NaN with per-feature failure reason on unmet prerequisite or invalid result,mixed result + family run manifest + native audit where available,test_family02_voice_quality.py; mixed voice integration,NOT_DONE,Independent parity and real-data validation not established,SOURCE_DEFINED_ID
LEAF,5,C005,F02,"Voice quality, perturbation and noise",Jitter,jitter_absolute_s,MODERATE,,,,,,,,,True,,,,,,,,,,,,,,NOT_DONE,,,,,,,IMPLEMENTED,True,voice,calculate_voice_quality,family02-praat-1.0.0,family02_stable_vowel_praat_v1,s,—,Sustained /a/,final reviewed stable phonation region,Cycles,native recording rate; private copy only where specified,"{""pitch_floor_hz"": 60, ""pitch_ceiling_hz"": 500, ""period_floor_sec"": 0.0016, ""period_ceiling_sec"": 0.020833333333333332, ""max_period_factor"": 1.3, ""max_amplitude_factor"": 1.6, ""hnr_time_step_sec"": 0.01, ""hnr_periods_per_window"": 4.5}",Praat local absolute jitter,final reviewed segmentation; voiced/stable region,recording scalar,voice pulse/track audit,NaN with per-feature failure reason on unmet prerequisite or invalid result,mixed result + family run manifest + native audit where available,test_family02_voice_quality.py; mixed voice integration,NOT_DONE,Independent parity and real-data validation not established,SOURCE_DEFINED_ID
LEAF,5,C005,F02,"Voice quality, perturbation and noise",Jitter,jitter_rap_pct,MODERATE,,,,,,,,,True,,,,,,,,,,,,,,NOT_DONE,,,,,,,IMPLEMENTED,True,voice,calculate_voice_quality,family02-praat-1.0.0,family02_stable_vowel_praat_v1,%,—,Sustained /a/,final reviewed stable phonation region,Cycles,native recording rate; private copy only where specified,"{""pitch_floor_hz"": 60, ""pitch_ceiling_hz"": 500, ""period_floor_sec"": 0.0016, ""period_ceiling_sec"": 0.020833333333333332, ""max_period_factor"": 1.3, ""max_amplitude_factor"": 1.6, ""hnr_time_step_sec"": 0.01, ""hnr_periods_per_window"": 4.5}",100 × Praat RAP jitter,final reviewed segmentation; voiced/stable region,recording scalar,voice pulse/track audit,NaN with per-feature failure reason on unmet prerequisite or invalid result,mixed result + family run manifest + native audit where available,test_family02_voice_quality.py; mixed voice integration,NOT_DONE,Independent parity and real-data validation not established,SOURCE_DEFINED_ID
LEAF,5,C005,F02,"Voice quality, perturbation and noise",Jitter,jitter_ppq5_pct,MODERATE,,,,,,,,,True,,,,,,,,,,,,,,NOT_DONE,,,,,,,IMPLEMENTED,True,voice,calculate_voice_quality,family02-praat-1.0.0,family02_stable_vowel_praat_v1,%,—,Sustained /a/,final reviewed stable phonation region,Cycles,native recording rate; private copy only where specified,"{""pitch_floor_hz"": 60, ""pitch_ceiling_hz"": 500, ""period_floor_sec"": 0.0016, ""period_ceiling_sec"": 0.020833333333333332, ""max_period_factor"": 1.3, ""max_amplitude_factor"": 1.6, ""hnr_time_step_sec"": 0.01, ""hnr_periods_per_window"": 4.5}",100 × Praat PPQ5 jitter,final reviewed segmentation; voiced/stable region,recording scalar,voice pulse/track audit,NaN with per-feature failure reason on unmet prerequisite or invalid result,mixed result + family run manifest + native audit where available,test_family02_voice_quality.py; mixed voice integration,NOT_DONE,Independent parity and real-data validation not established,SOURCE_DEFINED_ID
LEAF,5,C005,F02,"Voice quality, perturbation and noise",Jitter,jitter_ddp_pct,MODERATE,,,,,,,,,True,,,,,,,,,,,,,,NOT_DONE,,,,,,,IMPLEMENTED,True,voice,calculate_voice_quality,family02-praat-1.0.0,family02_stable_vowel_praat_v1,%,—,Sustained /a/,final reviewed stable phonation region,Cycles,native recording rate; private copy only where specified,"{""pitch_floor_hz"": 60, ""pitch_ceiling_hz"": 500, ""period_floor_sec"": 0.0016, ""period_ceiling_sec"": 0.020833333333333332, ""max_period_factor"": 1.3, ""max_amplitude_factor"": 1.6, ""hnr_time_step_sec"": 0.01, ""hnr_periods_per_window"": 4.5}",100 × Praat DDP jitter,final reviewed segmentation; voiced/stable region,recording scalar,voice pulse/track audit,NaN with per-feature failure reason on unmet prerequisite or invalid result,mixed result + family run manifest + native audit where available,test_family02_voice_quality.py; mixed voice integration,NOT_DONE,Independent parity and real-data validation not established,SOURCE_DEFINED_ID
LEAF,6,C006,F02,"Voice quality, perturbation and noise",Shimmer,shimmer_local_pct,MODERATE,,,,,,,,,True,,,,,,,,,,,,,,NOT_DONE,,,,,,,IMPLEMENTED,True,voice,calculate_voice_quality,family02-praat-1.0.0,family02_stable_vowel_praat_v1,%,—,Sustained /a/,final reviewed stable phonation region,Cycles,native recording rate; private copy only where specified,"{""pitch_floor_hz"": 60, ""pitch_ceiling_hz"": 500, ""period_floor_sec"": 0.0016, ""period_ceiling_sec"": 0.020833333333333332, ""max_period_factor"": 1.3, ""max_amplitude_factor"": 1.6, ""hnr_time_step_sec"": 0.01, ""hnr_periods_per_window"": 4.5}",100 × Praat local shimmer,final reviewed segmentation; voiced/stable region,recording scalar,voice pulse/track audit,NaN with per-feature failure reason on unmet prerequisite or invalid result,mixed result + family run manifest + native audit where available,test_family02_voice_quality.py; mixed voice integration,NOT_DONE,Independent parity and real-data validation not established,SOURCE_DEFINED_ID
LEAF,6,C006,F02,"Voice quality, perturbation and noise",Shimmer,shimmer_local_db,MODERATE,,,,,,,,,True,,,,,,,,,,,,,,NOT_DONE,,,,,,,IMPLEMENTED,True,voice,calculate_voice_quality,family02-praat-1.0.0,family02_stable_vowel_praat_v1,dB,—,Sustained /a/,final reviewed stable phonation region,Cycles,native recording rate; private copy only where specified,"{""pitch_floor_hz"": 60, ""pitch_ceiling_hz"": 500, ""period_floor_sec"": 0.0016, ""period_ceiling_sec"": 0.020833333333333332, ""max_period_factor"": 1.3, ""max_amplitude_factor"": 1.6, ""hnr_time_step_sec"": 0.01, ""hnr_periods_per_window"": 4.5}",Praat local-dB shimmer,final reviewed segmentation; voiced/stable region,recording scalar,voice pulse/track audit,NaN with per-feature failure reason on unmet prerequisite or invalid result,mixed result + family run manifest + native audit where available,test_family02_voice_quality.py; mixed voice integration,NOT_DONE,Independent parity and real-data validation not established,SOURCE_DEFINED_ID
LEAF,6,C006,F02,"Voice quality, perturbation and noise",Shimmer,shimmer_apq3_pct,MODERATE,,,,,,,,,True,,,,,,,,,,,,,,NOT_DONE,,,,,,,IMPLEMENTED,True,voice,calculate_voice_quality,family02-praat-1.0.0,family02_stable_vowel_praat_v1,%,—,Sustained /a/,final reviewed stable phonation region,Cycles,native recording rate; private copy only where specified,"{""pitch_floor_hz"": 60, ""pitch_ceiling_hz"": 500, ""period_floor_sec"": 0.0016, ""period_ceiling_sec"": 0.020833333333333332, ""max_period_factor"": 1.3, ""max_amplitude_factor"": 1.6, ""hnr_time_step_sec"": 0.01, ""hnr_periods_per_window"": 4.5}",100 × Praat APQ3 shimmer,final reviewed segmentation; voiced/stable region,recording scalar,voice pulse/track audit,NaN with per-feature failure reason on unmet prerequisite or invalid result,mixed result + family run manifest + native audit where available,test_family02_voice_quality.py; mixed voice integration,NOT_DONE,Independent parity and real-data validation not established,SOURCE_DEFINED_ID
LEAF,6,C006,F02,"Voice quality, perturbation and noise",Shimmer,shimmer_apq5_pct,MODERATE,,,,,,,,,True,,,,,,,,,,,,,,NOT_DONE,,,,,,,IMPLEMENTED,True,voice,calculate_voice_quality,family02-praat-1.0.0,family02_stable_vowel_praat_v1,%,—,Sustained /a/,final reviewed stable phonation region,Cycles,native recording rate; private copy only where specified,"{""pitch_floor_hz"": 60, ""pitch_ceiling_hz"": 500, ""period_floor_sec"": 0.0016, ""period_ceiling_sec"": 0.020833333333333332, ""max_period_factor"": 1.3, ""max_amplitude_factor"": 1.6, ""hnr_time_step_sec"": 0.01, ""hnr_periods_per_window"": 4.5}",100 × Praat APQ5 shimmer,final reviewed segmentation; voiced/stable region,recording scalar,voice pulse/track audit,NaN with per-feature failure reason on unmet prerequisite or invalid result,mixed result + family run manifest + native audit where available,test_family02_voice_quality.py; mixed voice integration,NOT_DONE,Independent parity and real-data validation not established,SOURCE_DEFINED_ID
LEAF,6,C006,F02,"Voice quality, perturbation and noise",Shimmer,shimmer_apq11_pct,MODERATE,,,,,,,,,True,,,,,,,,,,,,,,NOT_DONE,,,,,,,IMPLEMENTED,True,voice,calculate_voice_quality,family02-praat-1.0.0,family02_stable_vowel_praat_v1,%,—,Sustained /a/,final reviewed stable phonation region,Cycles,native recording rate; private copy only where specified,"{""pitch_floor_hz"": 60, ""pitch_ceiling_hz"": 500, ""period_floor_sec"": 0.0016, ""period_ceiling_sec"": 0.020833333333333332, ""max_period_factor"": 1.3, ""max_amplitude_factor"": 1.6, ""hnr_time_step_sec"": 0.01, ""hnr_periods_per_window"": 4.5}",100 × Praat APQ11 shimmer,final reviewed segmentation; voiced/stable region,recording scalar,voice pulse/track audit,NaN with per-feature failure reason on unmet prerequisite or invalid result,mixed result + family run manifest + native audit where available,test_family02_voice_quality.py; mixed voice integration,NOT_DONE,Independent parity and real-data validation not established,SOURCE_DEFINED_ID
LEAF,6,C006,F02,"Voice quality, perturbation and noise",Shimmer,shimmer_dda_pct,MODERATE,,,,,,,,,True,,,,,,,,,,,,,,NOT_DONE,,,,,,,IMPLEMENTED,True,voice,calculate_voice_quality,family02-praat-1.0.0,family02_stable_vowel_praat_v1,%,—,Sustained /a/,final reviewed stable phonation region,Cycles,native recording rate; private copy only where specified,"{""pitch_floor_hz"": 60, ""pitch_ceiling_hz"": 500, ""period_floor_sec"": 0.0016, ""period_ceiling_sec"": 0.020833333333333332, ""max_period_factor"": 1.3, ""max_amplitude_factor"": 1.6, ""hnr_time_step_sec"": 0.01, ""hnr_periods_per_window"": 4.5}",100 × 3 × Praat APQ3 shimmer,final reviewed segmentation; voiced/stable region,recording scalar,voice pulse/track audit,NaN with per-feature failure reason on unmet prerequisite or invalid result,mixed result + family run manifest + native audit where available,test_family02_voice_quality.py; mixed voice integration,NOT_DONE,Independent parity and real-data validation not established,SOURCE_DEFINED_ID
LEAF,7,C007,F02,"Voice quality, perturbation and noise",Harmonic-to-noise ratio (HNR),hnr_mean_db,MODERATE,,,,,,,,,True,,,,,,,,,,,,,,NOT_DONE,,,,,,,IMPLEMENTED,True,voice,calculate_voice_quality,family02-praat-1.0.0,family02_stable_vowel_praat_v1,dB,—,Sustained /a/,final reviewed stable phonation region,Voiced frames,native recording rate; private copy only where specified,"{""pitch_floor_hz"": 60, ""pitch_ceiling_hz"": 500, ""period_floor_sec"": 0.0016, ""period_ceiling_sec"": 0.020833333333333332, ""max_period_factor"": 1.3, ""max_amplitude_factor"": 1.6, ""hnr_time_step_sec"": 0.01, ""hnr_periods_per_window"": 4.5}",mean Praat cross-correlation Harmonicity,final reviewed segmentation; voiced/stable region,recording scalar,voice pulse/track audit,NaN with per-feature failure reason on unmet prerequisite or invalid result,mixed result + family run manifest + native audit where available,test_family02_voice_quality.py; mixed voice integration,NOT_DONE,Independent parity and real-data validation not established,SOURCE_DEFINED_ID
LEAF,8,C008,F02,"Voice quality, perturbation and noise",Glottal-to-noise excitation ratio (GNE),gne_source_replication_only,NOT ESTABLISHED,,,,,,,,,False,,,,,,,,,,,,,,NOT_DONE,,,,,,,NOT_IMPLEMENTED,False,voice,calculate_voice_quality,family02-praat-1.0.0,family02_stable_vowel_praat_v1,dimensionless,—,Sustained /a/,final reviewed stable phonation region,Voiced frames,native recording rate; private copy only where specified,"{""pitch_floor_hz"": 60, ""pitch_ceiling_hz"": 500, ""period_floor_sec"": 0.0016, ""period_ceiling_sec"": 0.020833333333333332, ""max_period_factor"": 1.3, ""max_amplitude_factor"": 1.6, ""hnr_time_step_sec"": 0.01, ""hnr_periods_per_window"": 4.5}",source cross-band Hilbert-envelope correlation,final reviewed segmentation; voiced/stable region,no executable output,voice pulse/track audit,Not selectable,mixed result + family run manifest + native audit where available,not executable; registry/closure check,NOT_DONE,Source/definition not complete,SOURCE_DEFINED_ID
LEAF,9,C009,F02,"Voice quality, perturbation and noise",Pathological vibrato index (PVI),pvi_9_14hz_source,NOT ESTABLISHED,,,,,,,,,False,,,,,,,,,,,,,,NOT_DONE,,,,,,,NOT_IMPLEMENTED,False,voice,calculate_voice_quality,family02-praat-1.0.0,family02_stable_vowel_praat_v1,source-specific,—,Sustained /a/,final reviewed stable phonation region,F0 contour,native recording rate; private copy only where specified,"{""pitch_floor_hz"": 60, ""pitch_ceiling_hz"": 500, ""period_floor_sec"": 0.0016, ""period_ceiling_sec"": 0.020833333333333332, ""max_period_factor"": 1.3, ""max_amplitude_factor"": 1.6, ""hnr_time_step_sec"": 0.01, ""hnr_periods_per_window"": 4.5}","source F0-modulation spectrum, 9–14 Hz",final reviewed segmentation; voiced/stable region,no executable output,voice pulse/track audit,Not selectable,mixed result + family run manifest + native audit where available,not executable; registry/closure check,NOT_DONE,Source/definition not complete,SOURCE_DEFINED_ID
LEAF,10,C010,F02,"Voice quality, perturbation and noise",Cepstral peak prominence (CPP),cpp_db,LIMITED,,,,,,,,,False,,,,,,,,,,,,,,NOT_DONE,,,,,,,NOT_IMPLEMENTED,False,voice,calculate_voice_quality,family02-praat-1.0.0,family02_stable_vowel_praat_v1,dB,—,Sustained /a/,final reviewed stable phonation region,Voiced frames,native recording rate; private copy only where specified,"{""pitch_floor_hz"": 60, ""pitch_ceiling_hz"": 500, ""period_floor_sec"": 0.0016, ""period_ceiling_sec"": 0.020833333333333332, ""max_period_factor"": 1.3, ""max_amplitude_factor"": 1.6, ""hnr_time_step_sec"": 0.01, ""hnr_periods_per_window"": 4.5}",unsmoothed cepstral peak above fitted baseline,final reviewed segmentation; voiced/stable region,no executable output,voice pulse/track audit,Not selectable,mixed result + family run manifest + native audit where available,not executable; registry/closure check,NOT_DONE,Source/definition not complete,SOURCE_DEFINED_ID
LEAF,10,C010,F02,"Voice quality, perturbation and noise",Cepstral peak prominence (CPP),cpps_db,LIMITED,,,,,,,,,False,,,,,,,,,,,,,,NOT_DONE,,,,,,,NOT_IMPLEMENTED,False,voice,calculate_voice_quality,family02-praat-1.0.0,family02_stable_vowel_praat_v1,dB,—,Sustained /a/,final reviewed stable phonation region,Voiced frames,native recording rate; private copy only where specified,"{""pitch_floor_hz"": 60, ""pitch_ceiling_hz"": 500, ""period_floor_sec"": 0.0016, ""period_ceiling_sec"": 0.020833333333333332, ""max_period_factor"": 1.3, ""max_amplitude_factor"": 1.6, ""hnr_time_step_sec"": 0.01, ""hnr_periods_per_window"": 4.5}",smoothed cepstral peak above fitted baseline,final reviewed segmentation; voiced/stable region,no executable output,voice pulse/track audit,Not selectable,mixed result + family run manifest + native audit where available,not executable; registry/closure check,NOT_DONE,Source/definition not complete,SOURCE_DEFINED_ID
LEAF,11,C011,F02,"Voice quality, perturbation and noise",Directional perturbation factor (DFP),dfp_pct,NOT ESTABLISHED,,,,,,,,,True,,,,,,,,,,,,,,NOT_DONE,,,,,,,IMPLEMENTED,True,voice,calculate_voice_quality,family02-praat-1.0.0,family02_stable_vowel_praat_v1,%,0–100%,Sustained /a/,final reviewed stable phonation region,Cycles,native recording rate; private copy only where specified,"{""pitch_floor_hz"": 60, ""pitch_ceiling_hz"": 500, ""period_floor_sec"": 0.0016, ""period_ceiling_sec"": 0.020833333333333332, ""max_period_factor"": 1.3, ""max_amplitude_factor"": 1.6, ""hnr_time_step_sec"": 0.01, ""hnr_periods_per_window"": 4.5}",100 × sign reversals in adjacent period differences / (N-2),final reviewed segmentation; voiced/stable region,recording scalar,voice pulse/track audit,NaN with per-feature failure reason on unmet prerequisite or invalid result,mixed result + family run manifest + native audit where available,test_family02_voice_quality.py; mixed voice integration,NOT_DONE,Independent parity and real-data validation not established,SOURCE_DEFINED_ID
LEAF,12,C012,F02,"Voice quality, perturbation and noise",Harmonic-structure features (mean/SD/RelH of first 8 harmonics),harmonic_h1_h8_mean,LIMITED,,,,,,,,,False,,,,,,,,,,,,,,NOT_DONE,,,,,,,NOT_IMPLEMENTED,False,voice,calculate_voice_quality,family02-praat-1.0.0,family02_stable_vowel_praat_v1,source-scaled,—,Sustained /a/,final reviewed stable phonation region,Cycles,native recording rate; private copy only where specified,"{""pitch_floor_hz"": 60, ""pitch_ceiling_hz"": 500, ""period_floor_sec"": 0.0016, ""period_ceiling_sec"": 0.020833333333333332, ""max_period_factor"": 1.3, ""max_amplitude_factor"": 1.6, ""hnr_time_step_sec"": 0.01, ""hnr_periods_per_window"": 4.5}",pitch-synchronous mean H1–H8 amplitude,final reviewed segmentation; voiced/stable region,no executable output,voice pulse/track audit,Not selectable,mixed result + family run manifest + native audit where available,not executable; registry/closure check,NOT_DONE,Source/definition not complete,SOURCE_DEFINED_ID
LEAF,12,C012,F02,"Voice quality, perturbation and noise",Harmonic-structure features (mean/SD/RelH of first 8 harmonics),harmonic_h1_h8_sd,LIMITED,,,,,,,,,False,,,,,,,,,,,,,,NOT_DONE,,,,,,,NOT_IMPLEMENTED,False,voice,calculate_voice_quality,family02-praat-1.0.0,family02_stable_vowel_praat_v1,source-scaled,—,Sustained /a/,final reviewed stable phonation region,Cycles,native recording rate; private copy only where specified,"{""pitch_floor_hz"": 60, ""pitch_ceiling_hz"": 500, ""period_floor_sec"": 0.0016, ""period_ceiling_sec"": 0.020833333333333332, ""max_period_factor"": 1.3, ""max_amplitude_factor"": 1.6, ""hnr_time_step_sec"": 0.01, ""hnr_periods_per_window"": 4.5}",pitch-synchronous SD H1–H8 amplitude,final reviewed segmentation; voiced/stable region,no executable output,voice pulse/track audit,Not selectable,mixed result + family run manifest + native audit where available,not executable; registry/closure check,NOT_DONE,Source/definition not complete,SOURCE_DEFINED_ID
LEAF,12,C012,F02,"Voice quality, perturbation and noise",Harmonic-structure features (mean/SD/RelH of first 8 harmonics),relh_h1_h8,LIMITED,,,,,,,,,False,,,,,,,,,,,,,,NOT_DONE,,,,,,,NOT_IMPLEMENTED,False,voice,calculate_voice_quality,family02-praat-1.0.0,family02_stable_vowel_praat_v1,source-specific,—,Sustained /a/,final reviewed stable phonation region,Cycles,native recording rate; private copy only where specified,"{""pitch_floor_hz"": 60, ""pitch_ceiling_hz"": 500, ""period_floor_sec"": 0.0016, ""period_ceiling_sec"": 0.020833333333333332, ""max_period_factor"": 1.3, ""max_amplitude_factor"": 1.6, ""hnr_time_step_sec"": 0.01, ""hnr_periods_per_window"": 4.5}",1/(|mean(Hp)|+SD(Hp)) for p=1…8,final reviewed segmentation; voiced/stable region,no executable output,voice pulse/track audit,Not selectable,mixed result + family run manifest + native audit where available,not executable; registry/closure check,NOT_DONE,Source/definition not complete,SOURCE_DEFINED_ID
LEAF,21,C021,F04,Formant and vowel-space measures,Second formant (F2),f2_token_hz,NOT ESTABLISHED,,,,,,,,,True,,,,,,,,,,,,,,NOT_DONE,,,,,,,IMPLEMENTED,True,formants,track_aligned_vowels / derive_iau_features,family04-parselmouth-burg-1.0.0,family04_burg_native_5500_v1,Hz,500–3500 Hz,Bamboo,middle 50% of frozen aligned vowel token,Aligned vowel token,native recording rate; private copy only where specified,"{""window_length_ms"": 25, ""time_step_ms"": 5, ""max_formants"": 5, ""pre_emphasis_from_hz"": 50, ""formant_ceiling_hz"": 5500, ""sensitivity_ceiling_hz"": 5000, ""minimum_token_ms"": 50, ""minimum_valid_frames"": 3}",median valid F2 frames over token middle 50%,final reviewed segmentation; final linguistic Alignment,token / named-vowel native result,formant_token_measurements.csv + formant frames NPZ,NaN with per-feature failure reason on unmet prerequisite or invalid result,mixed result + family run manifest + native audit where available,test_family04_formants.py; aligned/mixed integration,NOT_DONE,Token tables lack trial_id and vowel centroids pool repetitions; confirm the intended reporting unit and category mapping.,SOURCE_DEFINED_ID
LEAF,21,C021,F04,Formant and vowel-space measures,Second formant (F2),f2_vowel_median_hz,NOT ESTABLISHED,,,,,,,,,True,,,,,,,,,,,,,,NOT_DONE,,,,,,,IMPLEMENTED,True,formants,track_aligned_vowels / derive_iau_features,family04-parselmouth-burg-1.0.0,family04_burg_native_5500_v1,Hz,500–3500 Hz,Bamboo,named frozen-alignment vowel centroids,Named vowel / recording,native recording rate; private copy only where specified,"{""window_length_ms"": 25, ""time_step_ms"": 5, ""max_formants"": 5, ""pre_emphasis_from_hz"": 50, ""formant_ceiling_hz"": 5500, ""sensitivity_ceiling_hz"": 5000, ""minimum_token_ms"": 50, ""minimum_valid_frames"": 3}",median valid token F2 medians by target vowel,final reviewed segmentation; final linguistic Alignment,token / named-vowel native result,formant_vowel_measurements.csv + formant token/frame audits,NaN with per-feature failure reason on unmet prerequisite or invalid result,mixed result + family run manifest + native audit where available,test_family04_formants.py; aligned/mixed integration,NOT_DONE,Token tables lack trial_id and vowel centroids pool repetitions; confirm the intended reporting unit and category mapping.,SOURCE_DEFINED_ID
LEAF,22,C022,F04,Formant and vowel-space measures,First formant (F1),f1_token_hz,NOT ESTABLISHED,,,,,,,,,True,,,,,,,,,,,,,,NOT_DONE,,,,,,,IMPLEMENTED,True,formants,track_aligned_vowels / derive_iau_features,family04-parselmouth-burg-1.0.0,family04_burg_native_5500_v1,Hz,150–1200 Hz,Bamboo,middle 50% of frozen aligned vowel token,Aligned vowel token,native recording rate; private copy only where specified,"{""window_length_ms"": 25, ""time_step_ms"": 5, ""max_formants"": 5, ""pre_emphasis_from_hz"": 50, ""formant_ceiling_hz"": 5500, ""sensitivity_ceiling_hz"": 5000, ""minimum_token_ms"": 50, ""minimum_valid_frames"": 3}",median valid F1 frames over token middle 50%,final reviewed segmentation; final linguistic Alignment,token / named-vowel native result,formant_token_measurements.csv + formant frames NPZ,NaN with per-feature failure reason on unmet prerequisite or invalid result,mixed result + family run manifest + native audit where available,test_family04_formants.py; aligned/mixed integration,NOT_DONE,Token tables lack trial_id and vowel centroids pool repetitions; confirm the intended reporting unit and category mapping.,SOURCE_DEFINED_ID
LEAF,22,C022,F04,Formant and vowel-space measures,First formant (F1),f1_vowel_median_hz,NOT ESTABLISHED,,,,,,,,,True,,,,,,,,,,,,,,NOT_DONE,,,,,,,IMPLEMENTED,True,formants,track_aligned_vowels / derive_iau_features,family04-parselmouth-burg-1.0.0,family04_burg_native_5500_v1,Hz,150–1200 Hz,Bamboo,named frozen-alignment vowel centroids,Named vowel / recording,native recording rate; private copy only where specified,"{""window_length_ms"": 25, ""time_step_ms"": 5, ""max_formants"": 5, ""pre_emphasis_from_hz"": 50, ""formant_ceiling_hz"": 5500, ""sensitivity_ceiling_hz"": 5000, ""minimum_token_ms"": 50, ""minimum_valid_frames"": 3}",median valid token F1 medians by target vowel,final reviewed segmentation; final linguistic Alignment,token / named-vowel native result,formant_vowel_measurements.csv + formant token/frame audits,NaN with per-feature failure reason on unmet prerequisite or invalid result,mixed result + family run manifest + native audit where available,test_family04_formants.py; aligned/mixed integration,NOT_DONE,Token tables lack trial_id and vowel centroids pool repetitions; confirm the intended reporting unit and category mapping.,SOURCE_DEFINED_ID
LEAF,23,C023,F04,Formant and vowel-space measures,Vowel space area (VSA),vsa3_iau_hz2,MODERATE,,,,,,,,,True,,,,,,,,,,,,,,NOT_DONE,,,,,,,IMPLEMENTED,True,formants,track_aligned_vowels / derive_iau_features,family04-parselmouth-burg-1.0.0,family04_burg_native_5500_v1,Hz²,≥0 Hz²,Bamboo,named frozen-alignment vowel centroids,Recording,native recording rate; private copy only where specified,"{""window_length_ms"": 25, ""time_step_ms"": 5, ""max_formants"": 5, ""pre_emphasis_from_hz"": 50, ""formant_ceiling_hz"": 5500, ""sensitivity_ceiling_hz"": 5000, ""minimum_token_ms"": 50, ""minimum_valid_frames"": 3}",0.5*abs(F1_i*(F2_a-F2_u)+F1_a*(F2_u-F2_i)+F1_u*(F2_i-F2_a)),final reviewed segmentation; final linguistic Alignment; vowel-category mapping,recording scalar,formant_vowel_measurements.csv + formant token/frame audits,NaN with per-feature failure reason on unmet prerequisite or invalid result,mixed result + family run manifest + native audit where available,test_family04_formants.py; aligned/mixed integration,NOT_DONE,Token tables lack trial_id and vowel centroids pool repetitions; confirm the intended reporting unit and category mapping.,SOURCE_DEFINED_ID
LEAF,24,C024,F04,Formant and vowel-space measures,Formant ratio index (FRI),fri_iau,NOT ESTABLISHED,,,,,,,,,True,,,,,,,,,,,,,,NOT_DONE,,,,,,,IMPLEMENTED,True,formants,track_aligned_vowels / derive_iau_features,family04-parselmouth-burg-1.0.0,family04_burg_native_5500_v1,dimensionless,—,Bamboo,named frozen-alignment vowel centroids,Recording,native recording rate; private copy only where specified,"{""window_length_ms"": 25, ""time_step_ms"": 5, ""max_formants"": 5, ""pre_emphasis_from_hz"": 50, ""formant_ceiling_hz"": 5500, ""sensitivity_ceiling_hz"": 5000, ""minimum_token_ms"": 50, ""minimum_valid_frames"": 3}",(F1_a+F1_i+F1_u+F2_a+F2_i)/F2_u,final reviewed segmentation; final linguistic Alignment; vowel-category mapping,recording scalar,formant_vowel_measurements.csv + formant token/frame audits,NaN with per-feature failure reason on unmet prerequisite or invalid result,mixed result + family run manifest + native audit where available,test_family04_formants.py; aligned/mixed integration,NOT_DONE,Token tables lack trial_id and vowel centroids pool repetitions; confirm the intended reporting unit and category mapping.,SOURCE_DEFINED_ID
LEAF,25,C025,F04,Formant and vowel-space measures,Second formant ratio index (SFRI),sfri_iau,NOT ESTABLISHED,,,,,,,,,True,,,,,,,,,,,,,,NOT_DONE,,,,,,,IMPLEMENTED,True,formants,track_aligned_vowels / derive_iau_features,family04-parselmouth-burg-1.0.0,family04_burg_native_5500_v1,dimensionless,—,Bamboo,named frozen-alignment vowel centroids,Recording,native recording rate; private copy only where specified,"{""window_length_ms"": 25, ""time_step_ms"": 5, ""max_formants"": 5, ""pre_emphasis_from_hz"": 50, ""formant_ceiling_hz"": 5500, ""sensitivity_ceiling_hz"": 5000, ""minimum_token_ms"": 50, ""minimum_valid_frames"": 3}",(F2_a+F2_i)/F2_u,final reviewed segmentation; final linguistic Alignment; vowel-category mapping,recording scalar,formant_vowel_measurements.csv + formant token/frame audits,NaN with per-feature failure reason on unmet prerequisite or invalid result,mixed result + family run manifest + native audit where available,test_family04_formants.py; aligned/mixed integration,NOT_DONE,Token tables lack trial_id and vowel centroids pool repetitions; confirm the intended reporting unit and category mapping.,SOURCE_DEFINED_ID
LEAF,26,C026,F04,Formant and vowel-space measures,Third formant (F3),f3_token_hz,NOT ESTABLISHED,,,,,,,,,True,,,,,,,,,,,,,,NOT_DONE,,,,,,,IMPLEMENTED,True,formants,track_aligned_vowels / derive_iau_features,family04-parselmouth-burg-1.0.0,family04_burg_native_5500_v1,Hz,1200–5000 Hz,Bamboo,middle 50% of frozen aligned vowel token,Aligned vowel token,native recording rate; private copy only where specified,"{""window_length_ms"": 25, ""time_step_ms"": 5, ""max_formants"": 5, ""pre_emphasis_from_hz"": 50, ""formant_ceiling_hz"": 5500, ""sensitivity_ceiling_hz"": 5000, ""minimum_token_ms"": 50, ""minimum_valid_frames"": 3}",median valid F3 frames over token middle 50%,final reviewed segmentation; final linguistic Alignment,token / named-vowel native result,formant_token_measurements.csv + formant frames NPZ,NaN with per-feature failure reason on unmet prerequisite or invalid result,mixed result + family run manifest + native audit where available,test_family04_formants.py; aligned/mixed integration,NOT_DONE,Token tables lack trial_id and vowel centroids pool repetitions; confirm the intended reporting unit and category mapping.,SOURCE_DEFINED_ID
LEAF,26,C026,F04,Formant and vowel-space measures,Third formant (F3),f3_vowel_median_hz,NOT ESTABLISHED,,,,,,,,,True,,,,,,,,,,,,,,NOT_DONE,,,,,,,IMPLEMENTED,True,formants,track_aligned_vowels / derive_iau_features,family04-parselmouth-burg-1.0.0,family04_burg_native_5500_v1,Hz,1200–5000 Hz,Bamboo,named frozen-alignment vowel centroids,Named vowel / recording,native recording rate; private copy only where specified,"{""window_length_ms"": 25, ""time_step_ms"": 5, ""max_formants"": 5, ""pre_emphasis_from_hz"": 50, ""formant_ceiling_hz"": 5500, ""sensitivity_ceiling_hz"": 5000, ""minimum_token_ms"": 50, ""minimum_valid_frames"": 3}",median valid token F3 medians by target vowel,final reviewed segmentation; final linguistic Alignment,token / named-vowel native result,formant_vowel_measurements.csv + formant token/frame audits,NaN with per-feature failure reason on unmet prerequisite or invalid result,mixed result + family run manifest + native audit where available,test_family04_formants.py; aligned/mixed integration,NOT_DONE,Token tables lack trial_id and vowel centroids pool repetitions; confirm the intended reporting unit and category mapping.,SOURCE_DEFINED_ID
LEAF,27,C027,F04,Formant and vowel-space measures,Vowel articulation index (VAI),vai_iau,MODERATE,,,,,,,,,True,,,,,,,,,,,,,,NOT_DONE,,,,,,,IMPLEMENTED,True,formants,track_aligned_vowels / derive_iau_features,family04-parselmouth-burg-1.0.0,family04_burg_native_5500_v1,dimensionless,—,Bamboo,named frozen-alignment vowel centroids,Recording,native recording rate; private copy only where specified,"{""window_length_ms"": 25, ""time_step_ms"": 5, ""max_formants"": 5, ""pre_emphasis_from_hz"": 50, ""formant_ceiling_hz"": 5500, ""sensitivity_ceiling_hz"": 5000, ""minimum_token_ms"": 50, ""minimum_valid_frames"": 3}",(F2_i+F1_a)/(F1_i+F1_u+F2_u+F2_a),final reviewed segmentation; final linguistic Alignment; vowel-category mapping,recording scalar,formant_vowel_measurements.csv + formant token/frame audits,NaN with per-feature failure reason on unmet prerequisite or invalid result,mixed result + family run manifest + native audit where available,test_family04_formants.py; aligned/mixed integration,NOT_DONE,Token tables lack trial_id and vowel centroids pool repetitions; confirm the intended reporting unit and category mapping.,SOURCE_DEFINED_ID
LEAF,28,C028,F04,Formant and vowel-space measures,Vowel spectral-envelope distance (/a/-/i/),vowel_envelope_distance_ai_source,MODERATE,,,,,,,,,False,,,,,,,,,,,,,,NOT_DONE,,,,,,,NOT_IMPLEMENTED,False,formants,track_aligned_vowels / derive_iau_features,family04-parselmouth-burg-1.0.0,family04_burg_native_5500_v1,source dependent,—,Not specified,named frozen-alignment vowel centroids,Matched vowel pair,native recording rate; private copy only where specified,"{""window_length_ms"": 25, ""time_step_ms"": 5, ""max_formants"": 5, ""pre_emphasis_from_hz"": 50, ""formant_ceiling_hz"": 5500, ""sensitivity_ceiling_hz"": 5000, ""minimum_token_ms"": 50, ""minimum_valid_frames"": 3}",source representation and distance not frozen,final reviewed segmentation; final linguistic Alignment,no executable output,formant_vowel_measurements.csv + formant token/frame audits,Not selectable,mixed result + family run manifest + native audit where available,not executable; registry/closure check,NOT_DONE,Token tables lack trial_id and vowel centroids pool repetitions; confirm the intended reporting unit and category mapping.,SOURCE_DEFINED_ID
LEAF,29,C029,F04,Formant and vowel-space measures,Formant centralization ratio (FCR),fcr_iau,LIMITED,,,,,,,,,True,,,,,,,,,,,,,,NOT_DONE,,,,,,,IMPLEMENTED,True,formants,track_aligned_vowels / derive_iau_features,family04-parselmouth-burg-1.0.0,family04_burg_native_5500_v1,dimensionless,—,Bamboo,named frozen-alignment vowel centroids,Recording,native recording rate; private copy only where specified,"{""window_length_ms"": 25, ""time_step_ms"": 5, ""max_formants"": 5, ""pre_emphasis_from_hz"": 50, ""formant_ceiling_hz"": 5500, ""sensitivity_ceiling_hz"": 5000, ""minimum_token_ms"": 50, ""minimum_valid_frames"": 3}",(F2_u+F2_a+F1_i+F1_u)/(F2_i+F1_a),final reviewed segmentation; final linguistic Alignment; vowel-category mapping,recording scalar,formant_vowel_measurements.csv + formant token/frame audits,NaN with per-feature failure reason on unmet prerequisite or invalid result,mixed result + family run manifest + native audit where available,test_family04_formants.py; aligned/mixed integration,NOT_DONE,Token tables lack trial_id and vowel centroids pool repetitions; confirm the intended reporting unit and category mapping.,SOURCE_DEFINED_ID
LEAF,31,C031,F04,Formant and vowel-space measures,F2 convergence (/i/-/a/ distance),f2_distance_i_a_hz,LIMITED,,,,,,,,,True,,,,,,,,,,,,,,NOT_DONE,,,,,,,IMPLEMENTED,True,formants,track_aligned_vowels / derive_iau_features,family04-parselmouth-burg-1.0.0,family04_burg_native_5500_v1,Hz,≥0 Hz,Not specified,named frozen-alignment vowel centroids,Recording,native recording rate; private copy only where specified,"{""window_length_ms"": 25, ""time_step_ms"": 5, ""max_formants"": 5, ""pre_emphasis_from_hz"": 50, ""formant_ceiling_hz"": 5500, ""sensitivity_ceiling_hz"": 5000, ""minimum_token_ms"": 50, ""minimum_valid_frames"": 3}",abs(F2_i-F2_a),final reviewed segmentation; final linguistic Alignment; vowel-category mapping,recording scalar,formant_vowel_measurements.csv + formant token/frame audits,NaN with per-feature failure reason on unmet prerequisite or invalid result,mixed result + family run manifest + native audit where available,test_family04_formants.py; aligned/mixed integration,NOT_DONE,Token tables lack trial_id and vowel centroids pool repetitions; confirm the intended reporting unit and category mapping.,SOURCE_DEFINED_ID
LEAF,35,C035,F06,Segmental articulatory / phonetic contrasts,Articulatory precision (phoneme goodness / likelihood-ratio),blocked_aural_analytics_ap,STRONG,,,,,,,,,False,,,,,,,,,,,,,,NOT_DONE,,,,,,,NOT_IMPLEMENTED,False,segmental,matched_m1_contrast / wideband_noise_energy / stop_burst_tilt,family06-aligned-subevents-1.0.0,family06_native_subevents_v1,dimensionless score,0–10,Not specified,"source-defined target, unresolved",Aligned phones / session,native recording rate; private copy only where specified,"{""m1_window_ms"": 20, ""m1_fft_minimum"": 2048, ""tilt_window_ms"": 10, ""tilt_band_hz"": [1500, 5000], ""wideband_hz"": [0, 10000], ""source_audio_policy"": ""native rate; no upsampling""}",Proprietary normative likelihood-ratio model,canonical audio / task metadata,no executable output,segmental token/subevent audit,Not selectable,mixed result + family run manifest + native audit where available,not executable; registry/closure check,NOT_DONE,Source/definition not complete,SOURCE_DEFINED_ID
LEAF,36,C036,F06,Segmental articulatory / phonetic contrasts,Bandpassed noise energy (place-of-articulation contrast),band_noise_contrast_variant1,LIMITED,,,,,,,,,False,,,,,,,,,,,,,,NOT_DONE,,,,,,,NOT_IMPLEMENTED,False,segmental,matched_m1_contrast / wideband_noise_energy / stop_burst_tilt,family06-aligned-subevents-1.0.0,family06_native_subevents_v1,arbitrary digital contrast,N/A,Not specified,"source-defined target, unresolved",Matched noise targets,native recording rate; private copy only where specified,"{""m1_window_ms"": 20, ""m1_fft_minimum"": 2048, ""tilt_window_ms"": 10, ""tilt_band_hz"": [1500, 5000], ""wideband_hz"": [0, 10000], ""source_audio_policy"": ""native rate; no upsampling""}",Source contrast convention and normalization not frozen,canonical audio / task metadata,no executable output,segmental token/subevent audit,Not selectable,mixed result + family run manifest + native audit where available,not executable; registry/closure check,NOT_DONE,Source/definition not complete,SOURCE_DEFINED_ID
LEAF,36,C036,F06,Segmental articulatory / phonetic contrasts,Bandpassed noise energy (place-of-articulation contrast),band_noise_contrast_variant2,LIMITED,,,,,,,,,False,,,,,,,,,,,,,,NOT_DONE,,,,,,,NOT_IMPLEMENTED,False,segmental,matched_m1_contrast / wideband_noise_energy / stop_burst_tilt,family06-aligned-subevents-1.0.0,family06_native_subevents_v1,arbitrary digital contrast,N/A,Not specified,"source-defined target, unresolved",Matched noise targets,native recording rate; private copy only where specified,"{""m1_window_ms"": 20, ""m1_fft_minimum"": 2048, ""tilt_window_ms"": 10, ""tilt_band_hz"": [1500, 5000], ""wideband_hz"": [0, 10000], ""source_audio_policy"": ""native rate; no upsampling""}",Source contrast convention and normalization not frozen,canonical audio / task metadata,no executable output,segmental token/subevent audit,Not selectable,mixed result + family run manifest + native audit where available,not executable; registry/closure check,NOT_DONE,Source/definition not complete,SOURCE_DEFINED_ID
LEAF,37,C037,F06,Segmental articulatory / phonetic contrasts,First spectral moment difference (/t/ vs /k/ place contrast),m1_t_minus_k_hz,LIMITED,,,,,,,,,True,,,,,,,,,,,,,,NOT_DONE,,,,,,,IMPLEMENTED,True,segmental,matched_m1_contrast / wideband_noise_energy / stop_burst_tilt,family06-aligned-subevents-1.0.0,family06_native_subevents_v1,Hz,−10k–+10k*,Not specified,validated external burst/noise annotation over frozen aligned target,Matched burst pairs / recording,native recording rate; private copy only where specified,"{""m1_window_ms"": 20, ""m1_fft_minimum"": 2048, ""tilt_window_ms"": 10, ""tilt_band_hz"": [1500, 5000], ""wideband_hz"": [0, 10000], ""source_audio_policy"": ""native rate; no upsampling""}",mean(sum(f*P)/sum(P))_t - mean(sum(f*P)/sum(P))_k,final reviewed segmentation; final linguistic Alignment; approved target / validated subevent where applicable,recording scalar,segmental token/subevent audit,NaN with per-feature failure reason on unmet prerequisite or invalid result,mixed result + family run manifest + native audit where available,test_family06_segmental.py; target/mixed tests,NOT_DONE,Independent parity and real-data validation not established,SOURCE_DEFINED_ID
LEAF,41,C041,F06,Segmental articulatory / phonetic contrasts,Wideband noise energy,wideband_noise_energy_0_10khz,LIMITED,,,,,,,,,True,,,,,,,,,,,,,,NOT_DONE,,,,,,,IMPLEMENTED,True,segmental,matched_m1_contrast / wideband_noise_energy / stop_burst_tilt,family06-aligned-subevents-1.0.0,family06_native_subevents_v1,digital amplitude²·samples,N/A,Not specified,validated external burst/noise annotation over frozen aligned target,Annotated noise events / recording,native recording rate; private copy only where specified,"{""m1_window_ms"": 20, ""m1_fft_minimum"": 2048, ""tilt_window_ms"": 10, ""tilt_band_hz"": [1500, 5000], ""wideband_hz"": [0, 10000], ""source_audio_policy"": ""native rate; no upsampling""}",mean one-sided 0–10 kHz Hann-corrected FFT energy per approved token,final reviewed segmentation; final linguistic Alignment; approved target / validated subevent where applicable,recording scalar,segmental token/subevent audit,NaN with per-feature failure reason on unmet prerequisite or invalid result,mixed result + family run manifest + native audit where available,test_family06_segmental.py; target/mixed tests,NOT_DONE,Independent parity and real-data validation not established,SOURCE_DEFINED_ID
LEAF,42,C042,F06,Segmental articulatory / phonetic contrasts,Spectral tilt (stop burst),stop_burst_spectral_tilt_db_khz,NOT ESTABLISHED,,,,,,,,,True,,,,,,,,,,,,,,NOT_DONE,,,,,,,IMPLEMENTED,True,segmental,matched_m1_contrast / wideband_noise_energy / stop_burst_tilt,family06-aligned-subevents-1.0.0,family06_native_subevents_v1,dB/kHz,−100–+100,Not specified,validated external burst/noise annotation over frozen aligned target,Annotated stop bursts / recording,native recording rate; private copy only where specified,"{""m1_window_ms"": 20, ""m1_fft_minimum"": 2048, ""tilt_window_ms"": 10, ""tilt_band_hz"": [1500, 5000], ""wideband_hz"": [0, 10000], ""source_audio_policy"": ""native rate; no upsampling""}",mean OLS slope of 20log10 FFT amplitude over 1.5–5 kHz,final reviewed segmentation; final linguistic Alignment; approved target / validated subevent where applicable,recording scalar,segmental token/subevent audit,NaN with per-feature failure reason on unmet prerequisite or invalid result,mixed result + family run manifest + native audit where available,test_family06_segmental.py; target/mixed tests,NOT_DONE,Independent parity and real-data validation not established,SOURCE_DEFINED_ID
LEAF,43,C043,F07,Segment duration and temporal variability,Average word duration,mean_word_duration_s,LIMITED,,,,,,,,,True,,,,,,,,,,,,,,NOT_DONE,,,,,,,IMPLEMENTED,True,timing,calculate_family07,family07-reviewed-duration-1.0.0,family07_alignment_tokens_v1,s,0.05–2.0 s,Bamboo,validated aligned token intervals,Aligned word tokens,original-time reviewed events; no feature resampling,"{""minimum_alignment_coverage"": 0.8, ""minimum_vowel_duration_sec"": 0.03, ""review_vowel_duration_sec"": 0.05, ""sample_sd_ddof"": 1, ""sequence_break_on_manual_exclusion"": true}",mean(aligned word offset - onset),final reviewed segmentation; final linguistic Alignment,recording scalar,duration event audit,NaN with per-feature failure reason on unmet prerequisite or invalid result,mixed result + family run manifest + native audit where available,test_family07_duration.py; reviewed timing/mixed tests,NOT_DONE,Independent parity and real-data validation not established,SOURCE_DEFINED_ID
LEAF,44,C044,F07,Segment duration and temporal variability,Speech duration,speech_time_s,LIMITED,,,,,,,,,True,,,,,,,,,,,,,,NOT_DONE,,,,,,,IMPLEMENTED,True,timing,calculate_family07,family07-reviewed-duration-1.0.0,family07_reviewed_timing_v1,s,0–600 s,Bamboo,final reviewed patient timing domain,Reviewed timing events,original-time reviewed events; no feature resampling,"{""minimum_internal_pause_ms"": 300, ""manual_exclusion_policy"": ""outside analyzable patient timeline"", ""boundary_source"": ""frozen reviewed segmentation""}",effective elapsed task duration - internal pauses >=300 ms,final reviewed segmentation,recording scalar,duration event audit,NaN with per-feature failure reason on unmet prerequisite or invalid result,mixed result + family run manifest + native audit where available,test_family07_duration.py; reviewed timing/mixed tests,NOT_DONE,Independent parity and real-data validation not established,SOURCE_DEFINED_ID
LEAF,45,C045,F07,Segment duration and temporal variability,Total speech duration,task_elapsed_duration_s,NOT ESTABLISHED,,,,,,,,,True,,,,,,,,,,,,,,NOT_DONE,,,,,,,IMPLEMENTED,True,timing,calculate_family07,family07-reviewed-duration-1.0.0,family07_reviewed_timing_v1,s,0–600 s,Bamboo,final reviewed patient timing domain,Whole reviewed task,original-time reviewed events; no feature resampling,"{""minimum_internal_pause_ms"": 300, ""manual_exclusion_policy"": ""outside analyzable patient timeline"", ""boundary_source"": ""frozen reviewed segmentation""}",reviewed task onset to offset minus excluded contamination,final reviewed segmentation,recording scalar,duration event audit,NaN with per-feature failure reason on unmet prerequisite or invalid result,mixed result + family run manifest + native audit where available,test_family07_duration.py; reviewed timing/mixed tests,NOT_DONE,Independent parity and real-data validation not established,SOURCE_DEFINED_ID
TEMPLATE,46,C046,F07,Segment duration and temporal variability,Vowel duration,vowel_duration_<phone>_s,MODERATE,,,,,,,,,False,,,,,,,,,,,,,,NOT_DONE,,,,,,,UNRESOLVED_TEMPLATE,False,timing,calculate_family07,family07-reviewed-duration-1.0.0,family07_alignment_tokens_v1,s,0.03–1.0 s,Bamboo,validated aligned token intervals,Aligned vowel tokens,original-time reviewed events; no feature resampling,"{""minimum_alignment_coverage"": 0.8, ""minimum_vowel_duration_sec"": 0.03, ""review_vowel_duration_sec"": 0.05, ""sample_sd_ddof"": 1, ""sequence_break_on_manual_exclusion"": true}",aligned vowel offset - onset,final reviewed segmentation; final linguistic Alignment,no executable output,duration event audit,Not selectable,mixed result + family run manifest + native audit where available,not executable; registry/closure check,NOT_DONE,Source/definition not complete,PROJECT_TEMPLATE
LEAF,47,C047,F07,Segment duration and temporal variability,"Vowel duration variability indices (deltaV, VarcoV, nPVI-V)",delta_v_s,LIMITED,,,,,,,,,True,,,,,,,,,,,,,,NOT_DONE,,,,,,,IMPLEMENTED,True,timing,calculate_family07,family07-reviewed-duration-1.0.0,family07_alignment_tokens_v1,s,0–1 s,Bamboo,validated aligned token intervals,Aligned vowel sequence,original-time reviewed events; no feature resampling,"{""minimum_alignment_coverage"": 0.8, ""minimum_vowel_duration_sec"": 0.03, ""review_vowel_duration_sec"": 0.05, ""sample_sd_ddof"": 1, ""sequence_break_on_manual_exclusion"": true}","sample SD(vowel durations), ddof=1",final reviewed segmentation; final linguistic Alignment,recording scalar,duration event audit,NaN with per-feature failure reason on unmet prerequisite or invalid result,mixed result + family run manifest + native audit where available,test_family07_duration.py; reviewed timing/mixed tests,NOT_DONE,Independent parity and real-data validation not established,SOURCE_DEFINED_ID
LEAF,47,C047,F07,Segment duration and temporal variability,"Vowel duration variability indices (deltaV, VarcoV, nPVI-V)",varco_v_pct,LIMITED,,,,,,,,,True,,,,,,,,,,,,,,NOT_DONE,,,,,,,IMPLEMENTED,True,timing,calculate_family07,family07-reviewed-duration-1.0.0,family07_alignment_tokens_v1,%,0–300%,Bamboo,validated aligned token intervals,Aligned vowel sequence,original-time reviewed events; no feature resampling,"{""minimum_alignment_coverage"": 0.8, ""minimum_vowel_duration_sec"": 0.03, ""review_vowel_duration_sec"": 0.05, ""sample_sd_ddof"": 1, ""sequence_break_on_manual_exclusion"": true}",100 * sample SD(vowel durations) / mean(vowel durations),final reviewed segmentation; final linguistic Alignment,recording scalar,duration event audit,NaN with per-feature failure reason on unmet prerequisite or invalid result,mixed result + family run manifest + native audit where available,test_family07_duration.py; reviewed timing/mixed tests,NOT_DONE,Independent parity and real-data validation not established,SOURCE_DEFINED_ID
LEAF,47,C047,F07,Segment duration and temporal variability,"Vowel duration variability indices (deltaV, VarcoV, nPVI-V)",npvi_v_pct,LIMITED,,,,,,,,,True,,,,,,,,,,,,,,NOT_DONE,,,,,,,IMPLEMENTED,True,timing,calculate_family07,family07-reviewed-duration-1.0.0,family07_alignment_tokens_v1,%,0–300%,Bamboo,validated aligned token intervals,Ordered aligned vowel pairs,original-time reviewed events; no feature resampling,"{""minimum_alignment_coverage"": 0.8, ""minimum_vowel_duration_sec"": 0.03, ""review_vowel_duration_sec"": 0.05, ""sample_sd_ddof"": 1, ""sequence_break_on_manual_exclusion"": true}",100/(N-1) * sum(|d_i-d_i+1| / ((d_i+d_i+1)/2)) within sequences,final reviewed segmentation; final linguistic Alignment,recording scalar,duration event audit,NaN with per-feature failure reason on unmet prerequisite or invalid result,mixed result + family run manifest + native audit where available,test_family07_duration.py; reviewed timing/mixed tests,NOT_DONE,Independent parity and real-data validation not established,SOURCE_DEFINED_ID
LEAF,48,C048,F08,Speech and articulation rate,Speaking rate,speaking_rate_syll_s,STRONG,,,,,,,,,True,,,,,,,,,,,,,,NOT_DONE,,,,,,,IMPLEMENTED,True,timing,calculate_family08,family08-rate-1.0.0,family08_bamboo_reviewed_v1,syllables/s,0–10 syllables/s,Bamboo,first to last final patient-speech boundary,Whole utterance/prompt,original-time reviewed events; no feature resampling,"{""pause_min_sec"": 0.3, ""boundary_source"": ""frozen reviewed segmentation""}",syllable_count / elapsed_task_sec,final reviewed segmentation; approved prompt count,recording scalar,reviewed timing event audit,NaN with per-feature failure reason on unmet prerequisite or invalid result,mixed result + family run manifest + native audit where available,test_family08_rate.py; prompt-failure mixed tests,NOT_DONE,Scientist/lab must settle Bamboo count conventions and the clinical meaning of passage syllables/s; current rate formulas stay unchanged.,SOURCE_DEFINED_ID
LEAF,48,C048,F08,Speech and articulation rate,Speaking rate,speaking_rate_words_min,STRONG,,,,,,,,,True,,,,,,,,,,,,,,NOT_DONE,,,,,,,IMPLEMENTED,True,timing,calculate_family08,family08-rate-1.0.0,family08_bamboo_reviewed_v1,words/min,≥0 words/min,Bamboo,first to last final patient-speech boundary,Whole utterance/prompt,original-time reviewed events; no feature resampling,"{""pause_min_sec"": 0.3, ""boundary_source"": ""frozen reviewed segmentation""}",60 * word_count / elapsed_task_sec,final reviewed segmentation; approved prompt count,recording scalar,reviewed timing event audit,NaN with per-feature failure reason on unmet prerequisite or invalid result,mixed result + family run manifest + native audit where available,test_family08_rate.py; prompt-failure mixed tests,NOT_DONE,Scientist/lab must settle Bamboo count conventions and the clinical meaning of passage syllables/s; current rate formulas stay unchanged.,SOURCE_DEFINED_ID
LEAF,49,C049,F08,Speech and articulation rate,Articulation rate,articulation_rate_syll_s,STRONG,,,,,,,,,True,,,,,,,,,,,,,,NOT_DONE,,,,,,,IMPLEMENTED,True,timing,calculate_family08,family08-rate-1.0.0,family08_bamboo_reviewed_v1,syllables/s,0–10 syllables/s,Bamboo,first to last final patient-speech boundary,Whole utterance/prompt,original-time reviewed events; no feature resampling,"{""pause_min_sec"": 0.3, ""boundary_source"": ""frozen reviewed segmentation""}",syllable_count / (elapsed_task_sec - internal_pauses_ge_300ms_sec),final reviewed segmentation; approved prompt count,recording scalar,reviewed timing event audit,NaN with per-feature failure reason on unmet prerequisite or invalid result,mixed result + family run manifest + native audit where available,test_family08_rate.py; prompt-failure mixed tests,NOT_DONE,Scientist/lab must settle Bamboo count conventions and the clinical meaning of passage syllables/s; current rate formulas stay unchanged.,SOURCE_DEFINED_ID
LEAF,50,C050,F09,Pause and phrasing,Pause duration,total_pause_duration_s,MODERATE,,,,,,,,,True,,,,,,,,,,,,,,NOT_DONE,,,,,,,IMPLEMENTED,True,timing,calculate_family09,family09-pause-1.0.0,family09_bamboo_reviewed_v1,s,No universal bound,Bamboo,reviewed patient utterance and eligible internal pause/phrase events,Pause events,original-time reviewed events; no feature resampling,"{""minimum_internal_pause_ms"": 300, ""sample_sd_ddof"": 1, ""boundary_source"": ""frozen reviewed segmentation""}",sum(eligible internal pause durations),final reviewed segmentation,recording scalar,pause/phrase event audit,NaN with per-feature failure reason on unmet prerequisite or invalid result,mixed result + family run manifest + native audit where available,test_family09_pause.py; timing/mixed tests; component handoff defect not protected,NOT_DONE,Independent parity and real-data validation not established,SOURCE_DEFINED_ID
LEAF,51,C051,F09,Pause and phrasing,CV pause duration,cv_pause_duration,NOT ESTABLISHED,,,,,,,,,True,,,,,,,,,,,,,,NOT_DONE,,,,,,,IMPLEMENTED,True,timing,calculate_family09,family09-pause-1.0.0,family09_bamboo_reviewed_v1,dimensionless,≥0,Bamboo,reviewed patient utterance and eligible internal pause/phrase events,Pause events,original-time reviewed events; no feature resampling,"{""minimum_internal_pause_ms"": 300, ""sample_sd_ddof"": 1, ""boundary_source"": ""frozen reviewed segmentation""}",sample SD(pause durations) / mean(pause durations),final reviewed segmentation,recording scalar,pause/phrase event audit,NaN with per-feature failure reason on unmet prerequisite or invalid result,mixed result + family run manifest + native audit where available,test_family09_pause.py; timing/mixed tests; component handoff defect not protected,NOT_DONE,Independent parity and real-data validation not established,SOURCE_DEFINED_ID
LEAF,51,C051,F09,Pause and phrasing,CV pause duration,cv_pause_duration_pct,NOT ESTABLISHED,,,,,,,,,True,,,,,,,,,,,,,,NOT_DONE,,,,,,,IMPLEMENTED,True,timing,calculate_family09,family09-pause-1.0.0,family09_bamboo_reviewed_v1,%,≥0%,Bamboo,reviewed patient utterance and eligible internal pause/phrase events,Pause events,original-time reviewed events; no feature resampling,"{""minimum_internal_pause_ms"": 300, ""sample_sd_ddof"": 1, ""boundary_source"": ""frozen reviewed segmentation""}",100 × sample SD(pause durations) / mean(pause durations),final reviewed segmentation,recording scalar,pause/phrase event audit,NaN with per-feature failure reason on unmet prerequisite or invalid result,mixed result + family run manifest + native audit where available,test_family09_pause.py; timing/mixed tests; component handoff defect not protected,NOT_DONE,Independent parity and real-data validation not established,SOURCE_DEFINED_ID
LEAF,52,C052,F09,Pause and phrasing,CV phrase duration,cv_phrase_duration,NOT ESTABLISHED,,,,,,,,,True,,,,,,,,,,,,,,NOT_DONE,,,,,,,IMPLEMENTED,True,timing,calculate_family09,family09-pause-1.0.0,family09_bamboo_reviewed_v1,dimensionless,≥0,Bamboo,reviewed patient utterance and eligible internal pause/phrase events,Phrase events,original-time reviewed events; no feature resampling,"{""minimum_internal_pause_ms"": 300, ""sample_sd_ddof"": 1, ""boundary_source"": ""frozen reviewed segmentation""}",sample SD(phrase durations) / mean(phrase durations),final reviewed segmentation,recording scalar,pause/phrase event audit,NaN with per-feature failure reason on unmet prerequisite or invalid result,mixed result + family run manifest + native audit where available,test_family09_pause.py; timing/mixed tests; component handoff defect not protected,NOT_DONE,Independent parity and real-data validation not established,SOURCE_DEFINED_ID
LEAF,52,C052,F09,Pause and phrasing,CV phrase duration,cv_phrase_duration_pct,NOT ESTABLISHED,,,,,,,,,True,,,,,,,,,,,,,,NOT_DONE,,,,,,,IMPLEMENTED,True,timing,calculate_family09,family09-pause-1.0.0,family09_bamboo_reviewed_v1,%,≥0%,Bamboo,reviewed patient utterance and eligible internal pause/phrase events,Phrase events,original-time reviewed events; no feature resampling,"{""minimum_internal_pause_ms"": 300, ""sample_sd_ddof"": 1, ""boundary_source"": ""frozen reviewed segmentation""}",100 × sample SD(phrase durations) / mean(phrase durations),final reviewed segmentation,recording scalar,pause/phrase event audit,NaN with per-feature failure reason on unmet prerequisite or invalid result,mixed result + family run manifest + native audit where available,test_family09_pause.py; timing/mixed tests; component handoff defect not protected,NOT_DONE,Independent parity and real-data validation not established,SOURCE_DEFINED_ID
LEAF,53,C053,F09,Pause and phrasing,Pause events (count),pause_count,MODERATE,,,,,,,,,True,,,,,,,,,,,,,,NOT_DONE,,,,,,,IMPLEMENTED,True,timing,calculate_family09,family09-pause-1.0.0,family09_bamboo_reviewed_v1,count,≥0,Bamboo,reviewed patient utterance and eligible internal pause/phrase events,Pause events,original-time reviewed events; no feature resampling,"{""minimum_internal_pause_ms"": 300, ""sample_sd_ddof"": 1, ""boundary_source"": ""frozen reviewed segmentation""}",count(eligible internal pauses),final reviewed segmentation,recording scalar,pause/phrase event audit,NaN with per-feature failure reason on unmet prerequisite or invalid result,mixed result + family run manifest + native audit where available,test_family09_pause.py; timing/mixed tests; component handoff defect not protected,NOT_DONE,Independent parity and real-data validation not established,SOURCE_DEFINED_ID
LEAF,54,C054,F09,Pause and phrasing,Percent pause,percent_pause_ge300ms,MODERATE,,,,,,,,,True,,,,,,,,,,,,,,NOT_DONE,,,,,,,IMPLEMENTED,True,timing,calculate_family09,family09-pause-1.0.0,family09_bamboo_reviewed_v1,%,0–100%,Bamboo,reviewed patient utterance and eligible internal pause/phrase events,Whole utterance,original-time reviewed events; no feature resampling,"{""minimum_internal_pause_ms"": 300, ""sample_sd_ddof"": 1, ""boundary_source"": ""frozen reviewed segmentation""}",100 × total pause duration / analyzed utterance duration,final reviewed segmentation,recording scalar,pause/phrase event audit,NaN with per-feature failure reason on unmet prerequisite or invalid result,mixed result + family run manifest + native audit where available,test_family09_pause.py; timing/mixed tests; component handoff defect not protected,NOT_DONE,Independent parity and real-data validation not established,SOURCE_DEFINED_ID
LEAF,55,C055,F09,Pause and phrasing,Mean pause duration,mean_pause_duration_s,LIMITED,,,,,,,,,True,,,,,,,,,,,,,,NOT_DONE,,,,,,,IMPLEMENTED,True,timing,calculate_family09,family09-pause-1.0.0,family09_bamboo_reviewed_v1,s,No universal bound,Bamboo,reviewed patient utterance and eligible internal pause/phrase events,Pause events,original-time reviewed events; no feature resampling,"{""minimum_internal_pause_ms"": 300, ""sample_sd_ddof"": 1, ""boundary_source"": ""frozen reviewed segmentation""}",mean(eligible pause durations),final reviewed segmentation,recording scalar,pause/phrase event audit,NaN with per-feature failure reason on unmet prerequisite or invalid result,mixed result + family run manifest + native audit where available,test_family09_pause.py; timing/mixed tests; component handoff defect not protected,NOT_DONE,Independent parity and real-data validation not established,SOURCE_DEFINED_ID
LEAF,56,C056,F09,Pause and phrasing,Mean phrase duration,mean_phrase_duration_s,NOT ESTABLISHED,,,,,,,,,True,,,,,,,,,,,,,,NOT_DONE,,,,,,,IMPLEMENTED,True,timing,calculate_family09,family09-pause-1.0.0,family09_bamboo_reviewed_v1,s,No universal bound,Bamboo,reviewed patient utterance and eligible internal pause/phrase events,Phrase events,original-time reviewed events; no feature resampling,"{""minimum_internal_pause_ms"": 300, ""sample_sd_ddof"": 1, ""boundary_source"": ""frozen reviewed segmentation""}",mean(phrase durations between eligible pauses),final reviewed segmentation,recording scalar,pause/phrase event audit,NaN with per-feature failure reason on unmet prerequisite or invalid result,mixed result + family run manifest + native audit where available,test_family09_pause.py; timing/mixed tests; component handoff defect not protected,NOT_DONE,Independent parity and real-data validation not established,SOURCE_DEFINED_ID
LEAF,57,C057,F09,Pause and phrasing,Pause-pattern marker (composite),pause_pattern_components,LIMITED,,,,,,,,,True,,,,,,,,,,,,,,NOT_DONE,,,,,,,IMPLEMENTED,True,timing,calculate_family09,family09-pause-1.0.0,family09_bamboo_reviewed_v1,structured component vector,No universal bound,Bamboo,reviewed patient utterance and eligible internal pause/phrase events,Whole recording,original-time reviewed events; no feature resampling,"{""minimum_internal_pause_ms"": 300, ""sample_sd_ddof"": 1, ""boundary_source"": ""frozen reviewed segmentation""}","[mean pause, sample SD pause, CV pause, percent pause]",final reviewed segmentation,JSON component (coerced to NaN in mixed handoff),pause/phrase event audit,NaN with per-feature failure reason on unmet prerequisite or invalid result,mixed result + family run manifest + native audit where available,test_family09_pause.py; timing/mixed tests; component handoff defect not protected,NOT_DONE,Mixed numeric coercion destroys JSON component,SOURCE_DEFINED_ID
LEAF,57,C057,F09,Pause and phrasing,Pause-pattern marker (composite),pause_pattern_factor_if_frozen,LIMITED,,,,,,,,,False,,,,,,,,,,,,,,NOT_DONE,,,,,,,NOT_IMPLEMENTED,False,timing,calculate_family09,family09-pause-1.0.0,family09_bamboo_reviewed_v1,standardized factor score,No universal bound,Bamboo,reviewed patient utterance and eligible internal pause/phrase events,Whole recording,original-time reviewed events; no feature resampling,"{""minimum_internal_pause_ms"": 300, ""sample_sd_ddof"": 1, ""boundary_source"": ""frozen reviewed segmentation""}",wᵀ z(components) + b,final reviewed segmentation,no executable output,pause/phrase event audit,Not selectable,mixed result + family run manifest + native audit where available,not executable; registry/closure check,NOT_DONE,Source/definition not complete,SOURCE_DEFINED_ID
LEAF,58,C058,F10,"DDK performance: rate, count and regularity",DDK rate (syllable repetition rate),ddk_rate_syll_s,MODERATE,,,,,,,,,True,,,,,,,,,,,,,,NOT_DONE,,,,,,,IMPLEMENTED,True,ddk,calculate_family10,family10-reviewed-ddk-1.0.0,family10_ddk_reviewed_v1,syllables/s,≥0 syllables/s,DDK,final reviewed DDK analysis domain,Full DDK trial and events,original-time reviewed events; no feature resampling,"{""minimum_valid_events"": 5, ""event_landmark"": ""final_reviewed_event_midpoint"", ""rate_denominator"": ""analysis_window_minus_manual_contamination"", ""sequence_break_on_manual_exclusion"": true, ""temporal_variability_definition"": ""mean_absolute_difference_between_adjacent_cycle_intervals""}",valid final DDK events / effective analyzed DDK duration,final reviewed segmentation; reviewed DDK events,recording scalar,ddk_feature_events.csv,NaN with per-feature failure reason on unmet prerequisite or invalid result,mixed result + family run manifest + native audit where available,test_family10_ddk.py; reviewed-DDK mixed integration,NOT_DONE,Event audit is trial-aware but public results are recording-level pooled; decide whether per-trial rate/regularity is required.,SOURCE_DEFINED_ID
LEAF,59,C059,F10,"DDK performance: rate, count and regularity",DDK regularity (cycle-to-cycle temporal variability),ddk_cycle_mad_s,LIMITED,,,,,,,,,True,,,,,,,,,,,,,,NOT_DONE,,,,,,,IMPLEMENTED,True,ddk,calculate_family10,family10-reviewed-ddk-1.0.0,family10_ddk_reviewed_v1,s,No universal bound,DDK,final reviewed DDK analysis domain,Adjacent cycle intervals,original-time reviewed events; no feature resampling,"{""minimum_valid_events"": 5, ""event_landmark"": ""final_reviewed_event_midpoint"", ""rate_denominator"": ""analysis_window_minus_manual_contamination"", ""sequence_break_on_manual_exclusion"": true, ""temporal_variability_definition"": ""mean_absolute_difference_between_adjacent_cycle_intervals""}",mean(abs(T[i+1] - T[i])) within continuous reviewed sequences,final reviewed segmentation; reviewed DDK events,recording scalar,ddk_feature_events.csv,NaN with per-feature failure reason on unmet prerequisite or invalid result,mixed result + family run manifest + native audit where available,test_family10_ddk.py; reviewed-DDK mixed integration,NOT_DONE,Event audit is trial-aware but public results are recording-level pooled; decide whether per-trial rate/regularity is required.,SOURCE_DEFINED_ID
LEAF,60,C060,F11,Intensity and amplitude,Absolute energy,absolute_energy_fs2,NOT ESTABLISHED,,,,,,,,,True,,,,,,,,,,,,,,NOT_DONE,,,,,,,IMPLEMENTED,True,spectrum,calculate_amplitude_features,family11-digital-amplitude-1.0.0,family11_amplitude_native_v1,digital-amplitude² sum,—,"Sustained /a/, WSTG",final reviewed patient analysis region,Defined waveform segment,native recording rate; private copy only where specified,"{""sd_ddof"": 1, ""skew_bias"": false, ""kurtosis_fisher"": true, ""kurtosis_bias"": false, ""normalized_direct_amplitude_policy"": ""NaN""}",sum(x²),final reviewed segmentation,recording scalar,amplitude audit,NaN with per-feature failure reason on unmet prerequisite or invalid result,mixed result + family run manifest + native audit where available,test_family11_amplitude.py; normalized-input mixed tests,NOT_DONE,Absolute energy and digital sound power are acquisition- and sampling-dependent; source-equivalence and BYOD utility need review.,SOURCE_DEFINED_ID
LEAF,61,C061,F11,Intensity and amplitude,Sound power,sound_power_digital,NOT ESTABLISHED,,,,,,,,,True,,,,,,,,,,,,,,NOT_DONE,,,,,,,IMPLEMENTED,True,spectrum,calculate_amplitude_features,family11-digital-amplitude-1.0.0,family11_amplitude_native_v1,digital-amplitude²/s,—,"Sustained /a/, WSTG",final reviewed patient analysis region,Defined waveform segment,native recording rate; private copy only where specified,"{""sd_ddof"": 1, ""skew_bias"": false, ""kurtosis_fisher"": true, ""kurtosis_bias"": false, ""normalized_direct_amplitude_policy"": ""NaN""}",sum(x²) / duration seconds,final reviewed segmentation,recording scalar,amplitude audit,NaN with per-feature failure reason on unmet prerequisite or invalid result,mixed result + family run manifest + native audit where available,test_family11_amplitude.py; normalized-input mixed tests,NOT_DONE,Absolute energy and digital sound power are acquisition- and sampling-dependent; source-equivalence and BYOD utility need review.,SOURCE_DEFINED_ID
LEAF,62,C062,F11,Intensity and amplitude,"Waveform amplitude distribution moments (skewness, kurtosis)",wave_amp_skew,NOT ESTABLISHED,,,,,,,,,True,,,,,,,,,,,,,,NOT_DONE,,,,,,,IMPLEMENTED,True,spectrum,calculate_amplitude_features,family11-digital-amplitude-1.0.0,family11_amplitude_native_v1,dimensionless,—,Sustained /a/,final reviewed patient analysis region,Waveform samples,native recording rate; private copy only where specified,"{""sd_ddof"": 1, ""skew_bias"": false, ""kurtosis_fisher"": true, ""kurtosis_bias"": false, ""normalized_direct_amplitude_policy"": ""NaN""}","scipy skew, bias=False",final reviewed segmentation,recording scalar,amplitude audit,NaN with per-feature failure reason on unmet prerequisite or invalid result,mixed result + family run manifest + native audit where available,test_family11_amplitude.py; normalized-input mixed tests,NOT_DONE,Absolute energy and digital sound power are acquisition- and sampling-dependent; source-equivalence and BYOD utility need review.,SOURCE_DEFINED_ID
LEAF,62,C062,F11,Intensity and amplitude,"Waveform amplitude distribution moments (skewness, kurtosis)",wave_amp_excess_kurtosis,NOT ESTABLISHED,,,,,,,,,True,,,,,,,,,,,,,,NOT_DONE,,,,,,,IMPLEMENTED,True,spectrum,calculate_amplitude_features,family11-digital-amplitude-1.0.0,family11_amplitude_native_v1,dimensionless,—,Sustained /a/,final reviewed patient analysis region,Waveform samples,native recording rate; private copy only where specified,"{""sd_ddof"": 1, ""skew_bias"": false, ""kurtosis_fisher"": true, ""kurtosis_bias"": false, ""normalized_direct_amplitude_policy"": ""NaN""}","scipy kurtosis, fisher=True, bias=False",final reviewed segmentation,recording scalar,amplitude audit,NaN with per-feature failure reason on unmet prerequisite or invalid result,mixed result + family run manifest + native audit where available,test_family11_amplitude.py; normalized-input mixed tests,NOT_DONE,Absolute energy and digital sound power are acquisition- and sampling-dependent; source-equivalence and BYOD utility need review.,SOURCE_DEFINED_ID
LEAF,63,C063,F11,Intensity and amplitude,Acoustic amplitude-dynamics marker (visibility-graph density),visibility_graph_density_amp,LIMITED,,,,,,,,,True,,,,,,,,,,,,,,NOT_DONE,,,,,,,IMPLEMENTED,True,spectrum,calculate_amplitude_features,family11-digital-amplitude-1.0.0,family11_amplitude_native_v1,dimensionless,—,Bamboo,final reviewed patient analysis region,50 ms non-overlapping local-SD windows,native recording rate; private copy only where specified,"{""sd_ddof"": 1, ""skew_bias"": false, ""kurtosis_fisher"": true, ""kurtosis_bias"": false, ""normalized_direct_amplitude_policy"": ""NaN""}",natural visibility graph density 2m/(M(M-1)),final reviewed segmentation,recording scalar,amplitude audit,NaN with per-feature failure reason on unmet prerequisite or invalid result,mixed result + family run manifest + native audit where available,test_family11_amplitude.py; normalized-input mixed tests,NOT_DONE,Absolute energy and digital sound power are acquisition- and sampling-dependent; source-equivalence and BYOD utility need review.,SOURCE_DEFINED_ID
LEAF,64,C064,F11,Intensity and amplitude,Waveform amplitude descriptive statistics (mean/SD/max/min),amp_mean_fs,LIMITED,,,,,,,,,True,,,,,,,,,,,,,,NOT_DONE,,,,,,,IMPLEMENTED,True,spectrum,calculate_amplitude_features,family11-digital-amplitude-1.0.0,family11_amplitude_native_v1,digital full scale,—,Sustained /a/,final reviewed patient analysis region,Waveform samples,native recording rate; private copy only where specified,"{""sd_ddof"": 1, ""skew_bias"": false, ""kurtosis_fisher"": true, ""kurtosis_bias"": false, ""normalized_direct_amplitude_policy"": ""NaN""}",mean(x),final reviewed segmentation,recording scalar,amplitude audit,NaN with per-feature failure reason on unmet prerequisite or invalid result,mixed result + family run manifest + native audit where available,test_family11_amplitude.py; normalized-input mixed tests,NOT_DONE,Absolute energy and digital sound power are acquisition- and sampling-dependent; source-equivalence and BYOD utility need review.,SOURCE_DEFINED_ID
LEAF,64,C064,F11,Intensity and amplitude,Waveform amplitude descriptive statistics (mean/SD/max/min),amp_sd_fs,LIMITED,,,,,,,,,True,,,,,,,,,,,,,,NOT_DONE,,,,,,,IMPLEMENTED,True,spectrum,calculate_amplitude_features,family11-digital-amplitude-1.0.0,family11_amplitude_native_v1,digital full scale,—,Sustained /a/,final reviewed patient analysis region,Waveform samples,native recording rate; private copy only where specified,"{""sd_ddof"": 1, ""skew_bias"": false, ""kurtosis_fisher"": true, ""kurtosis_bias"": false, ""normalized_direct_amplitude_policy"": ""NaN""}","sample SD(x), ddof=1",final reviewed segmentation,recording scalar,amplitude audit,NaN with per-feature failure reason on unmet prerequisite or invalid result,mixed result + family run manifest + native audit where available,test_family11_amplitude.py; normalized-input mixed tests,NOT_DONE,Absolute energy and digital sound power are acquisition- and sampling-dependent; source-equivalence and BYOD utility need review.,SOURCE_DEFINED_ID
LEAF,64,C064,F11,Intensity and amplitude,Waveform amplitude descriptive statistics (mean/SD/max/min),amp_min_fs,LIMITED,,,,,,,,,True,,,,,,,,,,,,,,NOT_DONE,,,,,,,IMPLEMENTED,True,spectrum,calculate_amplitude_features,family11-digital-amplitude-1.0.0,family11_amplitude_native_v1,digital full scale,—,Sustained /a/,final reviewed patient analysis region,Waveform samples,native recording rate; private copy only where specified,"{""sd_ddof"": 1, ""skew_bias"": false, ""kurtosis_fisher"": true, ""kurtosis_bias"": false, ""normalized_direct_amplitude_policy"": ""NaN""}",min(x),final reviewed segmentation,recording scalar,amplitude audit,NaN with per-feature failure reason on unmet prerequisite or invalid result,mixed result + family run manifest + native audit where available,test_family11_amplitude.py; normalized-input mixed tests,NOT_DONE,Absolute energy and digital sound power are acquisition- and sampling-dependent; source-equivalence and BYOD utility need review.,SOURCE_DEFINED_ID
LEAF,64,C064,F11,Intensity and amplitude,Waveform amplitude descriptive statistics (mean/SD/max/min),amp_max_fs,LIMITED,,,,,,,,,True,,,,,,,,,,,,,,NOT_DONE,,,,,,,IMPLEMENTED,True,spectrum,calculate_amplitude_features,family11-digital-amplitude-1.0.0,family11_amplitude_native_v1,digital full scale,—,Sustained /a/,final reviewed patient analysis region,Waveform samples,native recording rate; private copy only where specified,"{""sd_ddof"": 1, ""skew_bias"": false, ""kurtosis_fisher"": true, ""kurtosis_bias"": false, ""normalized_direct_amplitude_policy"": ""NaN""}",max(x),final reviewed segmentation,recording scalar,amplitude audit,NaN with per-feature failure reason on unmet prerequisite or invalid result,mixed result + family run manifest + native audit where available,test_family11_amplitude.py; normalized-input mixed tests,NOT_DONE,Absolute energy and digital sound power are acquisition- and sampling-dependent; source-equivalence and BYOD utility need review.,SOURCE_DEFINED_ID
LEAF,65,C065,F12,Spectral and cepstral descriptors,Mel-frequency cepstral coefficients (MFCC),mfcc01_mean,NOT ESTABLISHED,,,,,,,,,True,,,,,,,,,,,,,,NOT_DONE,,,,,,,IMPLEMENTED,True,spectrum,calculate_spectral_features,family12-spectral-1.0.0,family12_mfcc_48k_v1,cepstral coefficient,—,Sustained /a/,final reviewed patient speech/task region,Frames,private 48 kHz working waveform; canonical audio immutable,"{""working_sample_rate_hz"": 48000, ""window_ms"": 25, ""hop_ms"": 10, ""n_fft"": 2048, ""center"": false, ""minimum_frames"": 10, ""n_mels"": 40, ""n_mfcc"": 13, ""fmin_hz"": 50, ""fmax_hz"": 8000, ""dct_type"": 2, ""norm"": ""ortho"", ""preemphasis"": false, ""c0_retained"": true, ""mel_scale"": ""slaney"", ""log"": ""natural""}",Frozen explicit Family 12 estimator,final reviewed segmentation,recording scalar,MFCC/spectral native audit,NaN with per-feature failure reason on unmet prerequisite or invalid result,mixed result + family run manifest + native audit where available,test_family12_spectral.py; selected-only mixed tests,NOT_DONE,Transition-sensitive spectral flux can include artificial joins between reviewed speech spans; inspect other descriptors and source parity.,SOURCE_DEFINED_ID
LEAF,65,C065,F12,Spectral and cepstral descriptors,Mel-frequency cepstral coefficients (MFCC),mfcc01_sd,NOT ESTABLISHED,,,,,,,,,True,,,,,,,,,,,,,,NOT_DONE,,,,,,,IMPLEMENTED,True,spectrum,calculate_spectral_features,family12-spectral-1.0.0,family12_mfcc_48k_v1,cepstral coefficient,—,Sustained /a/,final reviewed patient speech/task region,Frames,private 48 kHz working waveform; canonical audio immutable,"{""working_sample_rate_hz"": 48000, ""window_ms"": 25, ""hop_ms"": 10, ""n_fft"": 2048, ""center"": false, ""minimum_frames"": 10, ""n_mels"": 40, ""n_mfcc"": 13, ""fmin_hz"": 50, ""fmax_hz"": 8000, ""dct_type"": 2, ""norm"": ""ortho"", ""preemphasis"": false, ""c0_retained"": true, ""mel_scale"": ""slaney"", ""log"": ""natural""}",Frozen explicit Family 12 estimator,final reviewed segmentation,recording scalar,MFCC/spectral native audit,NaN with per-feature failure reason on unmet prerequisite or invalid result,mixed result + family run manifest + native audit where available,test_family12_spectral.py; selected-only mixed tests,NOT_DONE,Transition-sensitive spectral flux can include artificial joins between reviewed speech spans; inspect other descriptors and source parity.,SOURCE_DEFINED_ID
LEAF,65,C065,F12,Spectral and cepstral descriptors,Mel-frequency cepstral coefficients (MFCC),mfcc02_mean,NOT ESTABLISHED,,,,,,,,,True,,,,,,,,,,,,,,NOT_DONE,,,,,,,IMPLEMENTED,True,spectrum,calculate_spectral_features,family12-spectral-1.0.0,family12_mfcc_48k_v1,cepstral coefficient,—,Sustained /a/,final reviewed patient speech/task region,Frames,private 48 kHz working waveform; canonical audio immutable,"{""working_sample_rate_hz"": 48000, ""window_ms"": 25, ""hop_ms"": 10, ""n_fft"": 2048, ""center"": false, ""minimum_frames"": 10, ""n_mels"": 40, ""n_mfcc"": 13, ""fmin_hz"": 50, ""fmax_hz"": 8000, ""dct_type"": 2, ""norm"": ""ortho"", ""preemphasis"": false, ""c0_retained"": true, ""mel_scale"": ""slaney"", ""log"": ""natural""}",Frozen explicit Family 12 estimator,final reviewed segmentation,recording scalar,MFCC/spectral native audit,NaN with per-feature failure reason on unmet prerequisite or invalid result,mixed result + family run manifest + native audit where available,test_family12_spectral.py; selected-only mixed tests,NOT_DONE,Transition-sensitive spectral flux can include artificial joins between reviewed speech spans; inspect other descriptors and source parity.,SOURCE_DEFINED_ID
LEAF,65,C065,F12,Spectral and cepstral descriptors,Mel-frequency cepstral coefficients (MFCC),mfcc02_sd,NOT ESTABLISHED,,,,,,,,,True,,,,,,,,,,,,,,NOT_DONE,,,,,,,IMPLEMENTED,True,spectrum,calculate_spectral_features,family12-spectral-1.0.0,family12_mfcc_48k_v1,cepstral coefficient,—,Sustained /a/,final reviewed patient speech/task region,Frames,private 48 kHz working waveform; canonical audio immutable,"{""working_sample_rate_hz"": 48000, ""window_ms"": 25, ""hop_ms"": 10, ""n_fft"": 2048, ""center"": false, ""minimum_frames"": 10, ""n_mels"": 40, ""n_mfcc"": 13, ""fmin_hz"": 50, ""fmax_hz"": 8000, ""dct_type"": 2, ""norm"": ""ortho"", ""preemphasis"": false, ""c0_retained"": true, ""mel_scale"": ""slaney"", ""log"": ""natural""}",Frozen explicit Family 12 estimator,final reviewed segmentation,recording scalar,MFCC/spectral native audit,NaN with per-feature failure reason on unmet prerequisite or invalid result,mixed result + family run manifest + native audit where available,test_family12_spectral.py; selected-only mixed tests,NOT_DONE,Transition-sensitive spectral flux can include artificial joins between reviewed speech spans; inspect other descriptors and source parity.,SOURCE_DEFINED_ID
LEAF,65,C065,F12,Spectral and cepstral descriptors,Mel-frequency cepstral coefficients (MFCC),mfcc03_mean,NOT ESTABLISHED,,,,,,,,,True,,,,,,,,,,,,,,NOT_DONE,,,,,,,IMPLEMENTED,True,spectrum,calculate_spectral_features,family12-spectral-1.0.0,family12_mfcc_48k_v1,cepstral coefficient,—,Sustained /a/,final reviewed patient speech/task region,Frames,private 48 kHz working waveform; canonical audio immutable,"{""working_sample_rate_hz"": 48000, ""window_ms"": 25, ""hop_ms"": 10, ""n_fft"": 2048, ""center"": false, ""minimum_frames"": 10, ""n_mels"": 40, ""n_mfcc"": 13, ""fmin_hz"": 50, ""fmax_hz"": 8000, ""dct_type"": 2, ""norm"": ""ortho"", ""preemphasis"": false, ""c0_retained"": true, ""mel_scale"": ""slaney"", ""log"": ""natural""}",Frozen explicit Family 12 estimator,final reviewed segmentation,recording scalar,MFCC/spectral native audit,NaN with per-feature failure reason on unmet prerequisite or invalid result,mixed result + family run manifest + native audit where available,test_family12_spectral.py; selected-only mixed tests,NOT_DONE,Transition-sensitive spectral flux can include artificial joins between reviewed speech spans; inspect other descriptors and source parity.,SOURCE_DEFINED_ID
LEAF,65,C065,F12,Spectral and cepstral descriptors,Mel-frequency cepstral coefficients (MFCC),mfcc03_sd,NOT ESTABLISHED,,,,,,,,,True,,,,,,,,,,,,,,NOT_DONE,,,,,,,IMPLEMENTED,True,spectrum,calculate_spectral_features,family12-spectral-1.0.0,family12_mfcc_48k_v1,cepstral coefficient,—,Sustained /a/,final reviewed patient speech/task region,Frames,private 48 kHz working waveform; canonical audio immutable,"{""working_sample_rate_hz"": 48000, ""window_ms"": 25, ""hop_ms"": 10, ""n_fft"": 2048, ""center"": false, ""minimum_frames"": 10, ""n_mels"": 40, ""n_mfcc"": 13, ""fmin_hz"": 50, ""fmax_hz"": 8000, ""dct_type"": 2, ""norm"": ""ortho"", ""preemphasis"": false, ""c0_retained"": true, ""mel_scale"": ""slaney"", ""log"": ""natural""}",Frozen explicit Family 12 estimator,final reviewed segmentation,recording scalar,MFCC/spectral native audit,NaN with per-feature failure reason on unmet prerequisite or invalid result,mixed result + family run manifest + native audit where available,test_family12_spectral.py; selected-only mixed tests,NOT_DONE,Transition-sensitive spectral flux can include artificial joins between reviewed speech spans; inspect other descriptors and source parity.,SOURCE_DEFINED_ID
LEAF,65,C065,F12,Spectral and cepstral descriptors,Mel-frequency cepstral coefficients (MFCC),mfcc04_mean,NOT ESTABLISHED,,,,,,,,,True,,,,,,,,,,,,,,NOT_DONE,,,,,,,IMPLEMENTED,True,spectrum,calculate_spectral_features,family12-spectral-1.0.0,family12_mfcc_48k_v1,cepstral coefficient,—,Sustained /a/,final reviewed patient speech/task region,Frames,private 48 kHz working waveform; canonical audio immutable,"{""working_sample_rate_hz"": 48000, ""window_ms"": 25, ""hop_ms"": 10, ""n_fft"": 2048, ""center"": false, ""minimum_frames"": 10, ""n_mels"": 40, ""n_mfcc"": 13, ""fmin_hz"": 50, ""fmax_hz"": 8000, ""dct_type"": 2, ""norm"": ""ortho"", ""preemphasis"": false, ""c0_retained"": true, ""mel_scale"": ""slaney"", ""log"": ""natural""}",Frozen explicit Family 12 estimator,final reviewed segmentation,recording scalar,MFCC/spectral native audit,NaN with per-feature failure reason on unmet prerequisite or invalid result,mixed result + family run manifest + native audit where available,test_family12_spectral.py; selected-only mixed tests,NOT_DONE,Transition-sensitive spectral flux can include artificial joins between reviewed speech spans; inspect other descriptors and source parity.,SOURCE_DEFINED_ID
LEAF,65,C065,F12,Spectral and cepstral descriptors,Mel-frequency cepstral coefficients (MFCC),mfcc04_sd,NOT ESTABLISHED,,,,,,,,,True,,,,,,,,,,,,,,NOT_DONE,,,,,,,IMPLEMENTED,True,spectrum,calculate_spectral_features,family12-spectral-1.0.0,family12_mfcc_48k_v1,cepstral coefficient,—,Sustained /a/,final reviewed patient speech/task region,Frames,private 48 kHz working waveform; canonical audio immutable,"{""working_sample_rate_hz"": 48000, ""window_ms"": 25, ""hop_ms"": 10, ""n_fft"": 2048, ""center"": false, ""minimum_frames"": 10, ""n_mels"": 40, ""n_mfcc"": 13, ""fmin_hz"": 50, ""fmax_hz"": 8000, ""dct_type"": 2, ""norm"": ""ortho"", ""preemphasis"": false, ""c0_retained"": true, ""mel_scale"": ""slaney"", ""log"": ""natural""}",Frozen explicit Family 12 estimator,final reviewed segmentation,recording scalar,MFCC/spectral native audit,NaN with per-feature failure reason on unmet prerequisite or invalid result,mixed result + family run manifest + native audit where available,test_family12_spectral.py; selected-only mixed tests,NOT_DONE,Transition-sensitive spectral flux can include artificial joins between reviewed speech spans; inspect other descriptors and source parity.,SOURCE_DEFINED_ID
LEAF,65,C065,F12,Spectral and cepstral descriptors,Mel-frequency cepstral coefficients (MFCC),mfcc05_mean,NOT ESTABLISHED,,,,,,,,,True,,,,,,,,,,,,,,NOT_DONE,,,,,,,IMPLEMENTED,True,spectrum,calculate_spectral_features,family12-spectral-1.0.0,family12_mfcc_48k_v1,cepstral coefficient,—,Sustained /a/,final reviewed patient speech/task region,Frames,private 48 kHz working waveform; canonical audio immutable,"{""working_sample_rate_hz"": 48000, ""window_ms"": 25, ""hop_ms"": 10, ""n_fft"": 2048, ""center"": false, ""minimum_frames"": 10, ""n_mels"": 40, ""n_mfcc"": 13, ""fmin_hz"": 50, ""fmax_hz"": 8000, ""dct_type"": 2, ""norm"": ""ortho"", ""preemphasis"": false, ""c0_retained"": true, ""mel_scale"": ""slaney"", ""log"": ""natural""}",Frozen explicit Family 12 estimator,final reviewed segmentation,recording scalar,MFCC/spectral native audit,NaN with per-feature failure reason on unmet prerequisite or invalid result,mixed result + family run manifest + native audit where available,test_family12_spectral.py; selected-only mixed tests,NOT_DONE,Transition-sensitive spectral flux can include artificial joins between reviewed speech spans; inspect other descriptors and source parity.,SOURCE_DEFINED_ID
LEAF,65,C065,F12,Spectral and cepstral descriptors,Mel-frequency cepstral coefficients (MFCC),mfcc05_sd,NOT ESTABLISHED,,,,,,,,,True,,,,,,,,,,,,,,NOT_DONE,,,,,,,IMPLEMENTED,True,spectrum,calculate_spectral_features,family12-spectral-1.0.0,family12_mfcc_48k_v1,cepstral coefficient,—,Sustained /a/,final reviewed patient speech/task region,Frames,private 48 kHz working waveform; canonical audio immutable,"{""working_sample_rate_hz"": 48000, ""window_ms"": 25, ""hop_ms"": 10, ""n_fft"": 2048, ""center"": false, ""minimum_frames"": 10, ""n_mels"": 40, ""n_mfcc"": 13, ""fmin_hz"": 50, ""fmax_hz"": 8000, ""dct_type"": 2, ""norm"": ""ortho"", ""preemphasis"": false, ""c0_retained"": true, ""mel_scale"": ""slaney"", ""log"": ""natural""}",Frozen explicit Family 12 estimator,final reviewed segmentation,recording scalar,MFCC/spectral native audit,NaN with per-feature failure reason on unmet prerequisite or invalid result,mixed result + family run manifest + native audit where available,test_family12_spectral.py; selected-only mixed tests,NOT_DONE,Transition-sensitive spectral flux can include artificial joins between reviewed speech spans; inspect other descriptors and source parity.,SOURCE_DEFINED_ID
LEAF,65,C065,F12,Spectral and cepstral descriptors,Mel-frequency cepstral coefficients (MFCC),mfcc06_mean,NOT ESTABLISHED,,,,,,,,,True,,,,,,,,,,,,,,NOT_DONE,,,,,,,IMPLEMENTED,True,spectrum,calculate_spectral_features,family12-spectral-1.0.0,family12_mfcc_48k_v1,cepstral coefficient,—,Sustained /a/,final reviewed patient speech/task region,Frames,private 48 kHz working waveform; canonical audio immutable,"{""working_sample_rate_hz"": 48000, ""window_ms"": 25, ""hop_ms"": 10, ""n_fft"": 2048, ""center"": false, ""minimum_frames"": 10, ""n_mels"": 40, ""n_mfcc"": 13, ""fmin_hz"": 50, ""fmax_hz"": 8000, ""dct_type"": 2, ""norm"": ""ortho"", ""preemphasis"": false, ""c0_retained"": true, ""mel_scale"": ""slaney"", ""log"": ""natural""}",Frozen explicit Family 12 estimator,final reviewed segmentation,recording scalar,MFCC/spectral native audit,NaN with per-feature failure reason on unmet prerequisite or invalid result,mixed result + family run manifest + native audit where available,test_family12_spectral.py; selected-only mixed tests,NOT_DONE,Transition-sensitive spectral flux can include artificial joins between reviewed speech spans; inspect other descriptors and source parity.,SOURCE_DEFINED_ID
LEAF,65,C065,F12,Spectral and cepstral descriptors,Mel-frequency cepstral coefficients (MFCC),mfcc06_sd,NOT ESTABLISHED,,,,,,,,,True,,,,,,,,,,,,,,NOT_DONE,,,,,,,IMPLEMENTED,True,spectrum,calculate_spectral_features,family12-spectral-1.0.0,family12_mfcc_48k_v1,cepstral coefficient,—,Sustained /a/,final reviewed patient speech/task region,Frames,private 48 kHz working waveform; canonical audio immutable,"{""working_sample_rate_hz"": 48000, ""window_ms"": 25, ""hop_ms"": 10, ""n_fft"": 2048, ""center"": false, ""minimum_frames"": 10, ""n_mels"": 40, ""n_mfcc"": 13, ""fmin_hz"": 50, ""fmax_hz"": 8000, ""dct_type"": 2, ""norm"": ""ortho"", ""preemphasis"": false, ""c0_retained"": true, ""mel_scale"": ""slaney"", ""log"": ""natural""}",Frozen explicit Family 12 estimator,final reviewed segmentation,recording scalar,MFCC/spectral native audit,NaN with per-feature failure reason on unmet prerequisite or invalid result,mixed result + family run manifest + native audit where available,test_family12_spectral.py; selected-only mixed tests,NOT_DONE,Transition-sensitive spectral flux can include artificial joins between reviewed speech spans; inspect other descriptors and source parity.,SOURCE_DEFINED_ID
LEAF,65,C065,F12,Spectral and cepstral descriptors,Mel-frequency cepstral coefficients (MFCC),mfcc07_mean,NOT ESTABLISHED,,,,,,,,,True,,,,,,,,,,,,,,NOT_DONE,,,,,,,IMPLEMENTED,True,spectrum,calculate_spectral_features,family12-spectral-1.0.0,family12_mfcc_48k_v1,cepstral coefficient,—,Sustained /a/,final reviewed patient speech/task region,Frames,private 48 kHz working waveform; canonical audio immutable,"{""working_sample_rate_hz"": 48000, ""window_ms"": 25, ""hop_ms"": 10, ""n_fft"": 2048, ""center"": false, ""minimum_frames"": 10, ""n_mels"": 40, ""n_mfcc"": 13, ""fmin_hz"": 50, ""fmax_hz"": 8000, ""dct_type"": 2, ""norm"": ""ortho"", ""preemphasis"": false, ""c0_retained"": true, ""mel_scale"": ""slaney"", ""log"": ""natural""}",Frozen explicit Family 12 estimator,final reviewed segmentation,recording scalar,MFCC/spectral native audit,NaN with per-feature failure reason on unmet prerequisite or invalid result,mixed result + family run manifest + native audit where available,test_family12_spectral.py; selected-only mixed tests,NOT_DONE,Transition-sensitive spectral flux can include artificial joins between reviewed speech spans; inspect other descriptors and source parity.,SOURCE_DEFINED_ID
LEAF,65,C065,F12,Spectral and cepstral descriptors,Mel-frequency cepstral coefficients (MFCC),mfcc07_sd,NOT ESTABLISHED,,,,,,,,,True,,,,,,,,,,,,,,NOT_DONE,,,,,,,IMPLEMENTED,True,spectrum,calculate_spectral_features,family12-spectral-1.0.0,family12_mfcc_48k_v1,cepstral coefficient,—,Sustained /a/,final reviewed patient speech/task region,Frames,private 48 kHz working waveform; canonical audio immutable,"{""working_sample_rate_hz"": 48000, ""window_ms"": 25, ""hop_ms"": 10, ""n_fft"": 2048, ""center"": false, ""minimum_frames"": 10, ""n_mels"": 40, ""n_mfcc"": 13, ""fmin_hz"": 50, ""fmax_hz"": 8000, ""dct_type"": 2, ""norm"": ""ortho"", ""preemphasis"": false, ""c0_retained"": true, ""mel_scale"": ""slaney"", ""log"": ""natural""}",Frozen explicit Family 12 estimator,final reviewed segmentation,recording scalar,MFCC/spectral native audit,NaN with per-feature failure reason on unmet prerequisite or invalid result,mixed result + family run manifest + native audit where available,test_family12_spectral.py; selected-only mixed tests,NOT_DONE,Transition-sensitive spectral flux can include artificial joins between reviewed speech spans; inspect other descriptors and source parity.,SOURCE_DEFINED_ID
LEAF,65,C065,F12,Spectral and cepstral descriptors,Mel-frequency cepstral coefficients (MFCC),mfcc08_mean,NOT ESTABLISHED,,,,,,,,,True,,,,,,,,,,,,,,NOT_DONE,,,,,,,IMPLEMENTED,True,spectrum,calculate_spectral_features,family12-spectral-1.0.0,family12_mfcc_48k_v1,cepstral coefficient,—,Sustained /a/,final reviewed patient speech/task region,Frames,private 48 kHz working waveform; canonical audio immutable,"{""working_sample_rate_hz"": 48000, ""window_ms"": 25, ""hop_ms"": 10, ""n_fft"": 2048, ""center"": false, ""minimum_frames"": 10, ""n_mels"": 40, ""n_mfcc"": 13, ""fmin_hz"": 50, ""fmax_hz"": 8000, ""dct_type"": 2, ""norm"": ""ortho"", ""preemphasis"": false, ""c0_retained"": true, ""mel_scale"": ""slaney"", ""log"": ""natural""}",Frozen explicit Family 12 estimator,final reviewed segmentation,recording scalar,MFCC/spectral native audit,NaN with per-feature failure reason on unmet prerequisite or invalid result,mixed result + family run manifest + native audit where available,test_family12_spectral.py; selected-only mixed tests,NOT_DONE,Transition-sensitive spectral flux can include artificial joins between reviewed speech spans; inspect other descriptors and source parity.,SOURCE_DEFINED_ID
LEAF,65,C065,F12,Spectral and cepstral descriptors,Mel-frequency cepstral coefficients (MFCC),mfcc08_sd,NOT ESTABLISHED,,,,,,,,,True,,,,,,,,,,,,,,NOT_DONE,,,,,,,IMPLEMENTED,True,spectrum,calculate_spectral_features,family12-spectral-1.0.0,family12_mfcc_48k_v1,cepstral coefficient,—,Sustained /a/,final reviewed patient speech/task region,Frames,private 48 kHz working waveform; canonical audio immutable,"{""working_sample_rate_hz"": 48000, ""window_ms"": 25, ""hop_ms"": 10, ""n_fft"": 2048, ""center"": false, ""minimum_frames"": 10, ""n_mels"": 40, ""n_mfcc"": 13, ""fmin_hz"": 50, ""fmax_hz"": 8000, ""dct_type"": 2, ""norm"": ""ortho"", ""preemphasis"": false, ""c0_retained"": true, ""mel_scale"": ""slaney"", ""log"": ""natural""}",Frozen explicit Family 12 estimator,final reviewed segmentation,recording scalar,MFCC/spectral native audit,NaN with per-feature failure reason on unmet prerequisite or invalid result,mixed result + family run manifest + native audit where available,test_family12_spectral.py; selected-only mixed tests,NOT_DONE,Transition-sensitive spectral flux can include artificial joins between reviewed speech spans; inspect other descriptors and source parity.,SOURCE_DEFINED_ID
LEAF,65,C065,F12,Spectral and cepstral descriptors,Mel-frequency cepstral coefficients (MFCC),mfcc09_mean,NOT ESTABLISHED,,,,,,,,,True,,,,,,,,,,,,,,NOT_DONE,,,,,,,IMPLEMENTED,True,spectrum,calculate_spectral_features,family12-spectral-1.0.0,family12_mfcc_48k_v1,cepstral coefficient,—,Sustained /a/,final reviewed patient speech/task region,Frames,private 48 kHz working waveform; canonical audio immutable,"{""working_sample_rate_hz"": 48000, ""window_ms"": 25, ""hop_ms"": 10, ""n_fft"": 2048, ""center"": false, ""minimum_frames"": 10, ""n_mels"": 40, ""n_mfcc"": 13, ""fmin_hz"": 50, ""fmax_hz"": 8000, ""dct_type"": 2, ""norm"": ""ortho"", ""preemphasis"": false, ""c0_retained"": true, ""mel_scale"": ""slaney"", ""log"": ""natural""}",Frozen explicit Family 12 estimator,final reviewed segmentation,recording scalar,MFCC/spectral native audit,NaN with per-feature failure reason on unmet prerequisite or invalid result,mixed result + family run manifest + native audit where available,test_family12_spectral.py; selected-only mixed tests,NOT_DONE,Transition-sensitive spectral flux can include artificial joins between reviewed speech spans; inspect other descriptors and source parity.,SOURCE_DEFINED_ID
LEAF,65,C065,F12,Spectral and cepstral descriptors,Mel-frequency cepstral coefficients (MFCC),mfcc09_sd,NOT ESTABLISHED,,,,,,,,,True,,,,,,,,,,,,,,NOT_DONE,,,,,,,IMPLEMENTED,True,spectrum,calculate_spectral_features,family12-spectral-1.0.0,family12_mfcc_48k_v1,cepstral coefficient,—,Sustained /a/,final reviewed patient speech/task region,Frames,private 48 kHz working waveform; canonical audio immutable,"{""working_sample_rate_hz"": 48000, ""window_ms"": 25, ""hop_ms"": 10, ""n_fft"": 2048, ""center"": false, ""minimum_frames"": 10, ""n_mels"": 40, ""n_mfcc"": 13, ""fmin_hz"": 50, ""fmax_hz"": 8000, ""dct_type"": 2, ""norm"": ""ortho"", ""preemphasis"": false, ""c0_retained"": true, ""mel_scale"": ""slaney"", ""log"": ""natural""}",Frozen explicit Family 12 estimator,final reviewed segmentation,recording scalar,MFCC/spectral native audit,NaN with per-feature failure reason on unmet prerequisite or invalid result,mixed result + family run manifest + native audit where available,test_family12_spectral.py; selected-only mixed tests,NOT_DONE,Transition-sensitive spectral flux can include artificial joins between reviewed speech spans; inspect other descriptors and source parity.,SOURCE_DEFINED_ID
LEAF,65,C065,F12,Spectral and cepstral descriptors,Mel-frequency cepstral coefficients (MFCC),mfcc10_mean,NOT ESTABLISHED,,,,,,,,,True,,,,,,,,,,,,,,NOT_DONE,,,,,,,IMPLEMENTED,True,spectrum,calculate_spectral_features,family12-spectral-1.0.0,family12_mfcc_48k_v1,cepstral coefficient,—,Sustained /a/,final reviewed patient speech/task region,Frames,private 48 kHz working waveform; canonical audio immutable,"{""working_sample_rate_hz"": 48000, ""window_ms"": 25, ""hop_ms"": 10, ""n_fft"": 2048, ""center"": false, ""minimum_frames"": 10, ""n_mels"": 40, ""n_mfcc"": 13, ""fmin_hz"": 50, ""fmax_hz"": 8000, ""dct_type"": 2, ""norm"": ""ortho"", ""preemphasis"": false, ""c0_retained"": true, ""mel_scale"": ""slaney"", ""log"": ""natural""}",Frozen explicit Family 12 estimator,final reviewed segmentation,recording scalar,MFCC/spectral native audit,NaN with per-feature failure reason on unmet prerequisite or invalid result,mixed result + family run manifest + native audit where available,test_family12_spectral.py; selected-only mixed tests,NOT_DONE,Transition-sensitive spectral flux can include artificial joins between reviewed speech spans; inspect other descriptors and source parity.,SOURCE_DEFINED_ID
LEAF,65,C065,F12,Spectral and cepstral descriptors,Mel-frequency cepstral coefficients (MFCC),mfcc10_sd,NOT ESTABLISHED,,,,,,,,,True,,,,,,,,,,,,,,NOT_DONE,,,,,,,IMPLEMENTED,True,spectrum,calculate_spectral_features,family12-spectral-1.0.0,family12_mfcc_48k_v1,cepstral coefficient,—,Sustained /a/,final reviewed patient speech/task region,Frames,private 48 kHz working waveform; canonical audio immutable,"{""working_sample_rate_hz"": 48000, ""window_ms"": 25, ""hop_ms"": 10, ""n_fft"": 2048, ""center"": false, ""minimum_frames"": 10, ""n_mels"": 40, ""n_mfcc"": 13, ""fmin_hz"": 50, ""fmax_hz"": 8000, ""dct_type"": 2, ""norm"": ""ortho"", ""preemphasis"": false, ""c0_retained"": true, ""mel_scale"": ""slaney"", ""log"": ""natural""}",Frozen explicit Family 12 estimator,final reviewed segmentation,recording scalar,MFCC/spectral native audit,NaN with per-feature failure reason on unmet prerequisite or invalid result,mixed result + family run manifest + native audit where available,test_family12_spectral.py; selected-only mixed tests,NOT_DONE,Transition-sensitive spectral flux can include artificial joins between reviewed speech spans; inspect other descriptors and source parity.,SOURCE_DEFINED_ID
LEAF,65,C065,F12,Spectral and cepstral descriptors,Mel-frequency cepstral coefficients (MFCC),mfcc11_mean,NOT ESTABLISHED,,,,,,,,,True,,,,,,,,,,,,,,NOT_DONE,,,,,,,IMPLEMENTED,True,spectrum,calculate_spectral_features,family12-spectral-1.0.0,family12_mfcc_48k_v1,cepstral coefficient,—,Sustained /a/,final reviewed patient speech/task region,Frames,private 48 kHz working waveform; canonical audio immutable,"{""working_sample_rate_hz"": 48000, ""window_ms"": 25, ""hop_ms"": 10, ""n_fft"": 2048, ""center"": false, ""minimum_frames"": 10, ""n_mels"": 40, ""n_mfcc"": 13, ""fmin_hz"": 50, ""fmax_hz"": 8000, ""dct_type"": 2, ""norm"": ""ortho"", ""preemphasis"": false, ""c0_retained"": true, ""mel_scale"": ""slaney"", ""log"": ""natural""}",Frozen explicit Family 12 estimator,final reviewed segmentation,recording scalar,MFCC/spectral native audit,NaN with per-feature failure reason on unmet prerequisite or invalid result,mixed result + family run manifest + native audit where available,test_family12_spectral.py; selected-only mixed tests,NOT_DONE,Transition-sensitive spectral flux can include artificial joins between reviewed speech spans; inspect other descriptors and source parity.,SOURCE_DEFINED_ID
LEAF,65,C065,F12,Spectral and cepstral descriptors,Mel-frequency cepstral coefficients (MFCC),mfcc11_sd,NOT ESTABLISHED,,,,,,,,,True,,,,,,,,,,,,,,NOT_DONE,,,,,,,IMPLEMENTED,True,spectrum,calculate_spectral_features,family12-spectral-1.0.0,family12_mfcc_48k_v1,cepstral coefficient,—,Sustained /a/,final reviewed patient speech/task region,Frames,private 48 kHz working waveform; canonical audio immutable,"{""working_sample_rate_hz"": 48000, ""window_ms"": 25, ""hop_ms"": 10, ""n_fft"": 2048, ""center"": false, ""minimum_frames"": 10, ""n_mels"": 40, ""n_mfcc"": 13, ""fmin_hz"": 50, ""fmax_hz"": 8000, ""dct_type"": 2, ""norm"": ""ortho"", ""preemphasis"": false, ""c0_retained"": true, ""mel_scale"": ""slaney"", ""log"": ""natural""}",Frozen explicit Family 12 estimator,final reviewed segmentation,recording scalar,MFCC/spectral native audit,NaN with per-feature failure reason on unmet prerequisite or invalid result,mixed result + family run manifest + native audit where available,test_family12_spectral.py; selected-only mixed tests,NOT_DONE,Transition-sensitive spectral flux can include artificial joins between reviewed speech spans; inspect other descriptors and source parity.,SOURCE_DEFINED_ID
LEAF,65,C065,F12,Spectral and cepstral descriptors,Mel-frequency cepstral coefficients (MFCC),mfcc12_mean,NOT ESTABLISHED,,,,,,,,,True,,,,,,,,,,,,,,NOT_DONE,,,,,,,IMPLEMENTED,True,spectrum,calculate_spectral_features,family12-spectral-1.0.0,family12_mfcc_48k_v1,cepstral coefficient,—,Sustained /a/,final reviewed patient speech/task region,Frames,private 48 kHz working waveform; canonical audio immutable,"{""working_sample_rate_hz"": 48000, ""window_ms"": 25, ""hop_ms"": 10, ""n_fft"": 2048, ""center"": false, ""minimum_frames"": 10, ""n_mels"": 40, ""n_mfcc"": 13, ""fmin_hz"": 50, ""fmax_hz"": 8000, ""dct_type"": 2, ""norm"": ""ortho"", ""preemphasis"": false, ""c0_retained"": true, ""mel_scale"": ""slaney"", ""log"": ""natural""}",Frozen explicit Family 12 estimator,final reviewed segmentation,recording scalar,MFCC/spectral native audit,NaN with per-feature failure reason on unmet prerequisite or invalid result,mixed result + family run manifest + native audit where available,test_family12_spectral.py; selected-only mixed tests,NOT_DONE,Transition-sensitive spectral flux can include artificial joins between reviewed speech spans; inspect other descriptors and source parity.,SOURCE_DEFINED_ID
LEAF,65,C065,F12,Spectral and cepstral descriptors,Mel-frequency cepstral coefficients (MFCC),mfcc12_sd,NOT ESTABLISHED,,,,,,,,,True,,,,,,,,,,,,,,NOT_DONE,,,,,,,IMPLEMENTED,True,spectrum,calculate_spectral_features,family12-spectral-1.0.0,family12_mfcc_48k_v1,cepstral coefficient,—,Sustained /a/,final reviewed patient speech/task region,Frames,private 48 kHz working waveform; canonical audio immutable,"{""working_sample_rate_hz"": 48000, ""window_ms"": 25, ""hop_ms"": 10, ""n_fft"": 2048, ""center"": false, ""minimum_frames"": 10, ""n_mels"": 40, ""n_mfcc"": 13, ""fmin_hz"": 50, ""fmax_hz"": 8000, ""dct_type"": 2, ""norm"": ""ortho"", ""preemphasis"": false, ""c0_retained"": true, ""mel_scale"": ""slaney"", ""log"": ""natural""}",Frozen explicit Family 12 estimator,final reviewed segmentation,recording scalar,MFCC/spectral native audit,NaN with per-feature failure reason on unmet prerequisite or invalid result,mixed result + family run manifest + native audit where available,test_family12_spectral.py; selected-only mixed tests,NOT_DONE,Transition-sensitive spectral flux can include artificial joins between reviewed speech spans; inspect other descriptors and source parity.,SOURCE_DEFINED_ID
LEAF,65,C065,F12,Spectral and cepstral descriptors,Mel-frequency cepstral coefficients (MFCC),mfcc13_mean,NOT ESTABLISHED,,,,,,,,,True,,,,,,,,,,,,,,NOT_DONE,,,,,,,IMPLEMENTED,True,spectrum,calculate_spectral_features,family12-spectral-1.0.0,family12_mfcc_48k_v1,cepstral coefficient,—,Sustained /a/,final reviewed patient speech/task region,Frames,private 48 kHz working waveform; canonical audio immutable,"{""working_sample_rate_hz"": 48000, ""window_ms"": 25, ""hop_ms"": 10, ""n_fft"": 2048, ""center"": false, ""minimum_frames"": 10, ""n_mels"": 40, ""n_mfcc"": 13, ""fmin_hz"": 50, ""fmax_hz"": 8000, ""dct_type"": 2, ""norm"": ""ortho"", ""preemphasis"": false, ""c0_retained"": true, ""mel_scale"": ""slaney"", ""log"": ""natural""}",Frozen explicit Family 12 estimator,final reviewed segmentation,recording scalar,MFCC/spectral native audit,NaN with per-feature failure reason on unmet prerequisite or invalid result,mixed result + family run manifest + native audit where available,test_family12_spectral.py; selected-only mixed tests,NOT_DONE,Transition-sensitive spectral flux can include artificial joins between reviewed speech spans; inspect other descriptors and source parity.,SOURCE_DEFINED_ID
LEAF,65,C065,F12,Spectral and cepstral descriptors,Mel-frequency cepstral coefficients (MFCC),mfcc13_sd,NOT ESTABLISHED,,,,,,,,,True,,,,,,,,,,,,,,NOT_DONE,,,,,,,IMPLEMENTED,True,spectrum,calculate_spectral_features,family12-spectral-1.0.0,family12_mfcc_48k_v1,cepstral coefficient,—,Sustained /a/,final reviewed patient speech/task region,Frames,private 48 kHz working waveform; canonical audio immutable,"{""working_sample_rate_hz"": 48000, ""window_ms"": 25, ""hop_ms"": 10, ""n_fft"": 2048, ""center"": false, ""minimum_frames"": 10, ""n_mels"": 40, ""n_mfcc"": 13, ""fmin_hz"": 50, ""fmax_hz"": 8000, ""dct_type"": 2, ""norm"": ""ortho"", ""preemphasis"": false, ""c0_retained"": true, ""mel_scale"": ""slaney"", ""log"": ""natural""}",Frozen explicit Family 12 estimator,final reviewed segmentation,recording scalar,MFCC/spectral native audit,NaN with per-feature failure reason on unmet prerequisite or invalid result,mixed result + family run manifest + native audit where available,test_family12_spectral.py; selected-only mixed tests,NOT_DONE,Transition-sensitive spectral flux can include artificial joins between reviewed speech spans; inspect other descriptors and source parity.,SOURCE_DEFINED_ID
LEAF,66,C066,F12,Spectral and cepstral descriptors,Spectral bandwidth,spectral_bandwidth_p2_mean_hz,NOT ESTABLISHED,,,,,,,,,True,,,,,,,,,,,,,,NOT_DONE,,,,,,,IMPLEMENTED,True,spectrum,calculate_spectral_features,family12-spectral-1.0.0,family12_spectral_48k_v1,Hz,—,"Sustained /a/, WSTG",final reviewed patient speech/task region,Frames,private 48 kHz working waveform; canonical audio immutable,"{""working_sample_rate_hz"": 48000, ""window_ms"": 25, ""hop_ms"": 10, ""n_fft"": 2048, ""center"": false, ""minimum_frames"": 10}",Frozen explicit Family 12 estimator,final reviewed segmentation,recording scalar,MFCC/spectral native audit,NaN with per-feature failure reason on unmet prerequisite or invalid result,mixed result + family run manifest + native audit where available,test_family12_spectral.py; selected-only mixed tests,NOT_DONE,Transition-sensitive spectral flux can include artificial joins between reviewed speech spans; inspect other descriptors and source parity.,SOURCE_DEFINED_ID
LEAF,66,C066,F12,Spectral and cepstral descriptors,Spectral bandwidth,spectral_bandwidth_p2_median_hz,NOT ESTABLISHED,,,,,,,,,True,,,,,,,,,,,,,,NOT_DONE,,,,,,,IMPLEMENTED,True,spectrum,calculate_spectral_features,family12-spectral-1.0.0,family12_spectral_48k_v1,Hz,—,"Sustained /a/, WSTG",final reviewed patient speech/task region,Frames,private 48 kHz working waveform; canonical audio immutable,"{""working_sample_rate_hz"": 48000, ""window_ms"": 25, ""hop_ms"": 10, ""n_fft"": 2048, ""center"": false, ""minimum_frames"": 10}",Frozen explicit Family 12 estimator,final reviewed segmentation,recording scalar,MFCC/spectral native audit,NaN with per-feature failure reason on unmet prerequisite or invalid result,mixed result + family run manifest + native audit where available,test_family12_spectral.py; selected-only mixed tests,NOT_DONE,Transition-sensitive spectral flux can include artificial joins between reviewed speech spans; inspect other descriptors and source parity.,SOURCE_DEFINED_ID
TEMPLATE,68,C068,F12,Spectral and cepstral descriptors,"Spectral-band magnitude (1-4 kHz, openSMILE FFT)",opensmile_1_4khz_<functional>,NOT ESTABLISHED,,,,,,,,,False,,,,,,,,,,,,,,NOT_DONE,,,,,,,UNRESOLVED_TEMPLATE,False,spectrum,calculate_spectral_features,family12-spectral-1.0.0,family12_spectral_48k_v1,source-specific,—,WSTG,final reviewed patient speech/task region,Frames,private 48 kHz working waveform; canonical audio immutable,"{""working_sample_rate_hz"": 48000, ""window_ms"": 25, ""hop_ms"": 10, ""n_fft"": 2048, ""center"": false, ""minimum_frames"": 10}",Frozen explicit Family 12 estimator,final reviewed segmentation,no executable output,MFCC/spectral native audit,Not selectable,mixed result + family run manifest + native audit where available,not executable; registry/closure check,NOT_DONE,Transition-sensitive spectral flux can include artificial joins between reviewed speech spans; inspect other descriptors and source parity.,PROJECT_TEMPLATE
LEAF,69,C069,F12,Spectral and cepstral descriptors,Zero-crossing rate (ZCR),zcr_mean_fraction,NOT ESTABLISHED,,,,,,,,,True,,,,,,,,,,,,,,NOT_DONE,,,,,,,IMPLEMENTED,True,spectrum,calculate_spectral_features,family12-spectral-1.0.0,family12_spectral_48k_v1,fraction,0–1,Sustained /a/,final reviewed patient speech/task region,Frames,private 48 kHz working waveform; canonical audio immutable,"{""working_sample_rate_hz"": 48000, ""window_ms"": 25, ""hop_ms"": 10, ""n_fft"": 2048, ""center"": false, ""minimum_frames"": 10}",Frozen explicit Family 12 estimator,final reviewed segmentation,recording scalar,MFCC/spectral native audit,NaN with per-feature failure reason on unmet prerequisite or invalid result,mixed result + family run manifest + native audit where available,test_family12_spectral.py; selected-only mixed tests,NOT_DONE,Transition-sensitive spectral flux can include artificial joins between reviewed speech spans; inspect other descriptors and source parity.,SOURCE_DEFINED_ID
LEAF,69,C069,F12,Spectral and cepstral descriptors,Zero-crossing rate (ZCR),zcr_median_fraction,NOT ESTABLISHED,,,,,,,,,True,,,,,,,,,,,,,,NOT_DONE,,,,,,,IMPLEMENTED,True,spectrum,calculate_spectral_features,family12-spectral-1.0.0,family12_spectral_48k_v1,fraction,0–1,Sustained /a/,final reviewed patient speech/task region,Frames,private 48 kHz working waveform; canonical audio immutable,"{""working_sample_rate_hz"": 48000, ""window_ms"": 25, ""hop_ms"": 10, ""n_fft"": 2048, ""center"": false, ""minimum_frames"": 10}",Frozen explicit Family 12 estimator,final reviewed segmentation,recording scalar,MFCC/spectral native audit,NaN with per-feature failure reason on unmet prerequisite or invalid result,mixed result + family run manifest + native audit where available,test_family12_spectral.py; selected-only mixed tests,NOT_DONE,Transition-sensitive spectral flux can include artificial joins between reviewed speech spans; inspect other descriptors and source parity.,SOURCE_DEFINED_ID
LEAF,70,C070,F12,Spectral and cepstral descriptors,"Spectral moments (M1-M4: mean, standard deviation, skewness, kurtosis)",spec_m1_hz,LIMITED,,,,,,,,,True,,,,,,,,,,,,,,NOT_DONE,,,,,,,IMPLEMENTED,True,spectrum,calculate_spectral_features,family12-spectral-1.0.0,family12_spectral_48k_v1,Hz,—,WSTG,final reviewed patient speech/task region,Frames,private 48 kHz working waveform; canonical audio immutable,"{""working_sample_rate_hz"": 48000, ""window_ms"": 25, ""hop_ms"": 10, ""n_fft"": 2048, ""center"": false, ""minimum_frames"": 10}",Frozen explicit Family 12 estimator,final reviewed segmentation,recording scalar,MFCC/spectral native audit,NaN with per-feature failure reason on unmet prerequisite or invalid result,mixed result + family run manifest + native audit where available,test_family12_spectral.py; selected-only mixed tests,NOT_DONE,Transition-sensitive spectral flux can include artificial joins between reviewed speech spans; inspect other descriptors and source parity.,SOURCE_DEFINED_ID
LEAF,70,C070,F12,Spectral and cepstral descriptors,"Spectral moments (M1-M4: mean, standard deviation, skewness, kurtosis)",spec_m2_hz,LIMITED,,,,,,,,,True,,,,,,,,,,,,,,NOT_DONE,,,,,,,IMPLEMENTED,True,spectrum,calculate_spectral_features,family12-spectral-1.0.0,family12_spectral_48k_v1,Hz,—,WSTG,final reviewed patient speech/task region,Frames,private 48 kHz working waveform; canonical audio immutable,"{""working_sample_rate_hz"": 48000, ""window_ms"": 25, ""hop_ms"": 10, ""n_fft"": 2048, ""center"": false, ""minimum_frames"": 10}",Frozen explicit Family 12 estimator,final reviewed segmentation,recording scalar,MFCC/spectral native audit,NaN with per-feature failure reason on unmet prerequisite or invalid result,mixed result + family run manifest + native audit where available,test_family12_spectral.py; selected-only mixed tests,NOT_DONE,Transition-sensitive spectral flux can include artificial joins between reviewed speech spans; inspect other descriptors and source parity.,SOURCE_DEFINED_ID
LEAF,70,C070,F12,Spectral and cepstral descriptors,"Spectral moments (M1-M4: mean, standard deviation, skewness, kurtosis)",spec_m3_skew,LIMITED,,,,,,,,,True,,,,,,,,,,,,,,NOT_DONE,,,,,,,IMPLEMENTED,True,spectrum,calculate_spectral_features,family12-spectral-1.0.0,family12_spectral_48k_v1,dimensionless,—,WSTG,final reviewed patient speech/task region,Frames,private 48 kHz working waveform; canonical audio immutable,"{""working_sample_rate_hz"": 48000, ""window_ms"": 25, ""hop_ms"": 10, ""n_fft"": 2048, ""center"": false, ""minimum_frames"": 10}",Frozen explicit Family 12 estimator,final reviewed segmentation,recording scalar,MFCC/spectral native audit,NaN with per-feature failure reason on unmet prerequisite or invalid result,mixed result + family run manifest + native audit where available,test_family12_spectral.py; selected-only mixed tests,NOT_DONE,Transition-sensitive spectral flux can include artificial joins between reviewed speech spans; inspect other descriptors and source parity.,SOURCE_DEFINED_ID
LEAF,70,C070,F12,Spectral and cepstral descriptors,"Spectral moments (M1-M4: mean, standard deviation, skewness, kurtosis)",spec_m4_kurtosis,LIMITED,,,,,,,,,True,,,,,,,,,,,,,,NOT_DONE,,,,,,,IMPLEMENTED,True,spectrum,calculate_spectral_features,family12-spectral-1.0.0,family12_spectral_48k_v1,dimensionless,—,WSTG,final reviewed patient speech/task region,Frames,private 48 kHz working waveform; canonical audio immutable,"{""working_sample_rate_hz"": 48000, ""window_ms"": 25, ""hop_ms"": 10, ""n_fft"": 2048, ""center"": false, ""minimum_frames"": 10}",Frozen explicit Family 12 estimator,final reviewed segmentation,recording scalar,MFCC/spectral native audit,NaN with per-feature failure reason on unmet prerequisite or invalid result,mixed result + family run manifest + native audit where available,test_family12_spectral.py; selected-only mixed tests,NOT_DONE,Transition-sensitive spectral flux can include artificial joins between reviewed speech spans; inspect other descriptors and source parity.,SOURCE_DEFINED_ID
LEAF,71,C071,F12,Spectral and cepstral descriptors,"Spectral shape descriptors (centroid, spread, skewness, kurtosis, slope, flux, crest, flatness)",spectral_centroid_hz,LIMITED,,,,,,,,,True,,,,,,,,,,,,,,NOT_DONE,,,,,,,IMPLEMENTED,True,spectrum,calculate_spectral_features,family12-spectral-1.0.0,family12_spectral_48k_v1,Hz,—,Bamboo,final reviewed patient speech/task region,Frames,private 48 kHz working waveform; canonical audio immutable,"{""working_sample_rate_hz"": 48000, ""window_ms"": 25, ""hop_ms"": 10, ""n_fft"": 2048, ""center"": false, ""minimum_frames"": 10}",Frozen explicit Family 12 estimator,final reviewed segmentation,recording scalar,MFCC/spectral native audit,NaN with per-feature failure reason on unmet prerequisite or invalid result,mixed result + family run manifest + native audit where available,test_family12_spectral.py; selected-only mixed tests,NOT_DONE,Transition-sensitive spectral flux can include artificial joins between reviewed speech spans; inspect other descriptors and source parity.,SOURCE_DEFINED_ID
LEAF,71,C071,F12,Spectral and cepstral descriptors,"Spectral shape descriptors (centroid, spread, skewness, kurtosis, slope, flux, crest, flatness)",spectral_spread_hz,LIMITED,,,,,,,,,True,,,,,,,,,,,,,,NOT_DONE,,,,,,,IMPLEMENTED,True,spectrum,calculate_spectral_features,family12-spectral-1.0.0,family12_spectral_48k_v1,Hz,—,Bamboo,final reviewed patient speech/task region,Frames,private 48 kHz working waveform; canonical audio immutable,"{""working_sample_rate_hz"": 48000, ""window_ms"": 25, ""hop_ms"": 10, ""n_fft"": 2048, ""center"": false, ""minimum_frames"": 10}",Frozen explicit Family 12 estimator,final reviewed segmentation,recording scalar,MFCC/spectral native audit,NaN with per-feature failure reason on unmet prerequisite or invalid result,mixed result + family run manifest + native audit where available,test_family12_spectral.py; selected-only mixed tests,NOT_DONE,Transition-sensitive spectral flux can include artificial joins between reviewed speech spans; inspect other descriptors and source parity.,SOURCE_DEFINED_ID
LEAF,71,C071,F12,Spectral and cepstral descriptors,"Spectral shape descriptors (centroid, spread, skewness, kurtosis, slope, flux, crest, flatness)",spectral_skew,LIMITED,,,,,,,,,True,,,,,,,,,,,,,,NOT_DONE,,,,,,,IMPLEMENTED,True,spectrum,calculate_spectral_features,family12-spectral-1.0.0,family12_spectral_48k_v1,dimensionless,—,Bamboo,final reviewed patient speech/task region,Frames,private 48 kHz working waveform; canonical audio immutable,"{""working_sample_rate_hz"": 48000, ""window_ms"": 25, ""hop_ms"": 10, ""n_fft"": 2048, ""center"": false, ""minimum_frames"": 10}",Frozen explicit Family 12 estimator,final reviewed segmentation,recording scalar,MFCC/spectral native audit,NaN with per-feature failure reason on unmet prerequisite or invalid result,mixed result + family run manifest + native audit where available,test_family12_spectral.py; selected-only mixed tests,NOT_DONE,Transition-sensitive spectral flux can include artificial joins between reviewed speech spans; inspect other descriptors and source parity.,SOURCE_DEFINED_ID
LEAF,71,C071,F12,Spectral and cepstral descriptors,"Spectral shape descriptors (centroid, spread, skewness, kurtosis, slope, flux, crest, flatness)",spectral_kurtosis,LIMITED,,,,,,,,,True,,,,,,,,,,,,,,NOT_DONE,,,,,,,IMPLEMENTED,True,spectrum,calculate_spectral_features,family12-spectral-1.0.0,family12_spectral_48k_v1,dimensionless,—,Bamboo,final reviewed patient speech/task region,Frames,private 48 kHz working waveform; canonical audio immutable,"{""working_sample_rate_hz"": 48000, ""window_ms"": 25, ""hop_ms"": 10, ""n_fft"": 2048, ""center"": false, ""minimum_frames"": 10}",Frozen explicit Family 12 estimator,final reviewed segmentation,recording scalar,MFCC/spectral native audit,NaN with per-feature failure reason on unmet prerequisite or invalid result,mixed result + family run manifest + native audit where available,test_family12_spectral.py; selected-only mixed tests,NOT_DONE,Transition-sensitive spectral flux can include artificial joins between reviewed speech spans; inspect other descriptors and source parity.,SOURCE_DEFINED_ID
LEAF,71,C071,F12,Spectral and cepstral descriptors,"Spectral shape descriptors (centroid, spread, skewness, kurtosis, slope, flux, crest, flatness)",spectral_slope_db_khz,LIMITED,,,,,,,,,True,,,,,,,,,,,,,,NOT_DONE,,,,,,,IMPLEMENTED,True,spectrum,calculate_spectral_features,family12-spectral-1.0.0,family12_spectral_48k_v1,dB/kHz,—,Bamboo,final reviewed patient speech/task region,Frames,private 48 kHz working waveform; canonical audio immutable,"{""working_sample_rate_hz"": 48000, ""window_ms"": 25, ""hop_ms"": 10, ""n_fft"": 2048, ""center"": false, ""minimum_frames"": 10}",Frozen explicit Family 12 estimator,final reviewed segmentation,recording scalar,MFCC/spectral native audit,NaN with per-feature failure reason on unmet prerequisite or invalid result,mixed result + family run manifest + native audit where available,test_family12_spectral.py; selected-only mixed tests,NOT_DONE,Transition-sensitive spectral flux can include artificial joins between reviewed speech spans; inspect other descriptors and source parity.,SOURCE_DEFINED_ID
LEAF,71,C071,F12,Spectral and cepstral descriptors,"Spectral shape descriptors (centroid, spread, skewness, kurtosis, slope, flux, crest, flatness)",spectral_flux,LIMITED,,,,,,,,,True,,,,,,,,,,,,,,NOT_DONE,,,,,,,IMPLEMENTED,True,spectrum,calculate_spectral_features,family12-spectral-1.0.0,family12_spectral_48k_v1,dimensionless,—,Bamboo,final reviewed patient speech/task region,Frames,private 48 kHz working waveform; canonical audio immutable,"{""working_sample_rate_hz"": 48000, ""window_ms"": 25, ""hop_ms"": 10, ""n_fft"": 2048, ""center"": false, ""minimum_frames"": 10}",Frozen explicit Family 12 estimator,final reviewed segmentation,recording scalar,MFCC/spectral native audit,NaN with per-feature failure reason on unmet prerequisite or invalid result,mixed result + family run manifest + native audit where available,test_family12_spectral.py; selected-only mixed tests,NOT_DONE,Transition-sensitive spectral flux can include artificial joins between reviewed speech spans; inspect other descriptors and source parity.,SOURCE_DEFINED_ID
LEAF,71,C071,F12,Spectral and cepstral descriptors,"Spectral shape descriptors (centroid, spread, skewness, kurtosis, slope, flux, crest, flatness)",spectral_crest,LIMITED,,,,,,,,,True,,,,,,,,,,,,,,NOT_DONE,,,,,,,IMPLEMENTED,True,spectrum,calculate_spectral_features,family12-spectral-1.0.0,family12_spectral_48k_v1,dimensionless,—,Bamboo,final reviewed patient speech/task region,Frames,private 48 kHz working waveform; canonical audio immutable,"{""working_sample_rate_hz"": 48000, ""window_ms"": 25, ""hop_ms"": 10, ""n_fft"": 2048, ""center"": false, ""minimum_frames"": 10}",Frozen explicit Family 12 estimator,final reviewed segmentation,recording scalar,MFCC/spectral native audit,NaN with per-feature failure reason on unmet prerequisite or invalid result,mixed result + family run manifest + native audit where available,test_family12_spectral.py; selected-only mixed tests,NOT_DONE,Transition-sensitive spectral flux can include artificial joins between reviewed speech spans; inspect other descriptors and source parity.,SOURCE_DEFINED_ID
LEAF,71,C071,F12,Spectral and cepstral descriptors,"Spectral shape descriptors (centroid, spread, skewness, kurtosis, slope, flux, crest, flatness)",spectral_flatness,LIMITED,,,,,,,,,True,,,,,,,,,,,,,,NOT_DONE,,,,,,,IMPLEMENTED,True,spectrum,calculate_spectral_features,family12-spectral-1.0.0,family12_spectral_48k_v1,dimensionless,—,Bamboo,final reviewed patient speech/task region,Frames,private 48 kHz working waveform; canonical audio immutable,"{""working_sample_rate_hz"": 48000, ""window_ms"": 25, ""hop_ms"": 10, ""n_fft"": 2048, ""center"": false, ""minimum_frames"": 10}",Frozen explicit Family 12 estimator,final reviewed segmentation,recording scalar,MFCC/spectral native audit,NaN with per-feature failure reason on unmet prerequisite or invalid result,mixed result + family run manifest + native audit where available,test_family12_spectral.py; selected-only mixed tests,NOT_DONE,Transition-sensitive spectral flux can include artificial joins between reviewed speech spans; inspect other descriptors and source parity.,SOURCE_DEFINED_ID
LEAF,67,C067,F12,Spectral and cepstral descriptors,Spectral contrast (peak-valley band energy contrast),spectral_contrast_band0_db,NOT ESTABLISHED,,,,,,,,,True,,,,,,,,,,,,,,NOT_DONE,,,,,,,IMPLEMENTED,True,spectrum,calculate_spectral_features,family12-spectral-1.0.0,family12_spectral_48k_v1,dB,—,Sustained /a/,final reviewed patient speech/task region,Frames,private 48 kHz working waveform; canonical audio immutable,"{""working_sample_rate_hz"": 48000, ""window_ms"": 25, ""hop_ms"": 10, ""n_fft"": 2048, ""center"": false, ""minimum_frames"": 10, ""library"": ""librosa"", ""library_version"": ""0.11.0"", ""fmin_hz"": 200, ""n_bands"": 6, ""quantile"": 0.02, ""linear"": false, ""input"": ""STFT magnitude"", ""log_convention"": ""librosa power_to_db(peak) - power_to_db(valley)"", ""aggregation"": ""mean per band""}",Frozen explicit Family 12 estimator,final reviewed segmentation,recording scalar,MFCC/spectral native audit,NaN with per-feature failure reason on unmet prerequisite or invalid result,mixed result + family run manifest + native audit where available,test_family12_spectral.py; selected-only mixed tests,NOT_DONE,Transition-sensitive spectral flux can include artificial joins between reviewed speech spans; inspect other descriptors and source parity.,SOURCE_DEFINED_ID
LEAF,67,C067,F12,Spectral and cepstral descriptors,Spectral contrast (peak-valley band energy contrast),spectral_contrast_band1_db,NOT ESTABLISHED,,,,,,,,,True,,,,,,,,,,,,,,NOT_DONE,,,,,,,IMPLEMENTED,True,spectrum,calculate_spectral_features,family12-spectral-1.0.0,family12_spectral_48k_v1,dB,—,Sustained /a/,final reviewed patient speech/task region,Frames,private 48 kHz working waveform; canonical audio immutable,"{""working_sample_rate_hz"": 48000, ""window_ms"": 25, ""hop_ms"": 10, ""n_fft"": 2048, ""center"": false, ""minimum_frames"": 10, ""library"": ""librosa"", ""library_version"": ""0.11.0"", ""fmin_hz"": 200, ""n_bands"": 6, ""quantile"": 0.02, ""linear"": false, ""input"": ""STFT magnitude"", ""log_convention"": ""librosa power_to_db(peak) - power_to_db(valley)"", ""aggregation"": ""mean per band""}",Frozen explicit Family 12 estimator,final reviewed segmentation,recording scalar,MFCC/spectral native audit,NaN with per-feature failure reason on unmet prerequisite or invalid result,mixed result + family run manifest + native audit where available,test_family12_spectral.py; selected-only mixed tests,NOT_DONE,Transition-sensitive spectral flux can include artificial joins between reviewed speech spans; inspect other descriptors and source parity.,SOURCE_DEFINED_ID
LEAF,67,C067,F12,Spectral and cepstral descriptors,Spectral contrast (peak-valley band energy contrast),spectral_contrast_band2_db,NOT ESTABLISHED,,,,,,,,,True,,,,,,,,,,,,,,NOT_DONE,,,,,,,IMPLEMENTED,True,spectrum,calculate_spectral_features,family12-spectral-1.0.0,family12_spectral_48k_v1,dB,—,Sustained /a/,final reviewed patient speech/task region,Frames,private 48 kHz working waveform; canonical audio immutable,"{""working_sample_rate_hz"": 48000, ""window_ms"": 25, ""hop_ms"": 10, ""n_fft"": 2048, ""center"": false, ""minimum_frames"": 10, ""library"": ""librosa"", ""library_version"": ""0.11.0"", ""fmin_hz"": 200, ""n_bands"": 6, ""quantile"": 0.02, ""linear"": false, ""input"": ""STFT magnitude"", ""log_convention"": ""librosa power_to_db(peak) - power_to_db(valley)"", ""aggregation"": ""mean per band""}",Frozen explicit Family 12 estimator,final reviewed segmentation,recording scalar,MFCC/spectral native audit,NaN with per-feature failure reason on unmet prerequisite or invalid result,mixed result + family run manifest + native audit where available,test_family12_spectral.py; selected-only mixed tests,NOT_DONE,Transition-sensitive spectral flux can include artificial joins between reviewed speech spans; inspect other descriptors and source parity.,SOURCE_DEFINED_ID
LEAF,67,C067,F12,Spectral and cepstral descriptors,Spectral contrast (peak-valley band energy contrast),spectral_contrast_band3_db,NOT ESTABLISHED,,,,,,,,,True,,,,,,,,,,,,,,NOT_DONE,,,,,,,IMPLEMENTED,True,spectrum,calculate_spectral_features,family12-spectral-1.0.0,family12_spectral_48k_v1,dB,—,Sustained /a/,final reviewed patient speech/task region,Frames,private 48 kHz working waveform; canonical audio immutable,"{""working_sample_rate_hz"": 48000, ""window_ms"": 25, ""hop_ms"": 10, ""n_fft"": 2048, ""center"": false, ""minimum_frames"": 10, ""library"": ""librosa"", ""library_version"": ""0.11.0"", ""fmin_hz"": 200, ""n_bands"": 6, ""quantile"": 0.02, ""linear"": false, ""input"": ""STFT magnitude"", ""log_convention"": ""librosa power_to_db(peak) - power_to_db(valley)"", ""aggregation"": ""mean per band""}",Frozen explicit Family 12 estimator,final reviewed segmentation,recording scalar,MFCC/spectral native audit,NaN with per-feature failure reason on unmet prerequisite or invalid result,mixed result + family run manifest + native audit where available,test_family12_spectral.py; selected-only mixed tests,NOT_DONE,Transition-sensitive spectral flux can include artificial joins between reviewed speech spans; inspect other descriptors and source parity.,SOURCE_DEFINED_ID
LEAF,67,C067,F12,Spectral and cepstral descriptors,Spectral contrast (peak-valley band energy contrast),spectral_contrast_band4_db,NOT ESTABLISHED,,,,,,,,,True,,,,,,,,,,,,,,NOT_DONE,,,,,,,IMPLEMENTED,True,spectrum,calculate_spectral_features,family12-spectral-1.0.0,family12_spectral_48k_v1,dB,—,Sustained /a/,final reviewed patient speech/task region,Frames,private 48 kHz working waveform; canonical audio immutable,"{""working_sample_rate_hz"": 48000, ""window_ms"": 25, ""hop_ms"": 10, ""n_fft"": 2048, ""center"": false, ""minimum_frames"": 10, ""library"": ""librosa"", ""library_version"": ""0.11.0"", ""fmin_hz"": 200, ""n_bands"": 6, ""quantile"": 0.02, ""linear"": false, ""input"": ""STFT magnitude"", ""log_convention"": ""librosa power_to_db(peak) - power_to_db(valley)"", ""aggregation"": ""mean per band""}",Frozen explicit Family 12 estimator,final reviewed segmentation,recording scalar,MFCC/spectral native audit,NaN with per-feature failure reason on unmet prerequisite or invalid result,mixed result + family run manifest + native audit where available,test_family12_spectral.py; selected-only mixed tests,NOT_DONE,Transition-sensitive spectral flux can include artificial joins between reviewed speech spans; inspect other descriptors and source parity.,SOURCE_DEFINED_ID
LEAF,67,C067,F12,Spectral and cepstral descriptors,Spectral contrast (peak-valley band energy contrast),spectral_contrast_band5_db,NOT ESTABLISHED,,,,,,,,,True,,,,,,,,,,,,,,NOT_DONE,,,,,,,IMPLEMENTED,True,spectrum,calculate_spectral_features,family12-spectral-1.0.0,family12_spectral_48k_v1,dB,—,Sustained /a/,final reviewed patient speech/task region,Frames,private 48 kHz working waveform; canonical audio immutable,"{""working_sample_rate_hz"": 48000, ""window_ms"": 25, ""hop_ms"": 10, ""n_fft"": 2048, ""center"": false, ""minimum_frames"": 10, ""library"": ""librosa"", ""library_version"": ""0.11.0"", ""fmin_hz"": 200, ""n_bands"": 6, ""quantile"": 0.02, ""linear"": false, ""input"": ""STFT magnitude"", ""log_convention"": ""librosa power_to_db(peak) - power_to_db(valley)"", ""aggregation"": ""mean per band""}",Frozen explicit Family 12 estimator,final reviewed segmentation,recording scalar,MFCC/spectral native audit,NaN with per-feature failure reason on unmet prerequisite or invalid result,mixed result + family run manifest + native audit where available,test_family12_spectral.py; selected-only mixed tests,NOT_DONE,Transition-sensitive spectral flux can include artificial joins between reviewed speech spans; inspect other descriptors and source parity.,SOURCE_DEFINED_ID
LEAF,67,C067,F12,Spectral and cepstral descriptors,Spectral contrast (peak-valley band energy contrast),spectral_contrast_band6_db,NOT ESTABLISHED,,,,,,,,,True,,,,,,,,,,,,,,NOT_DONE,,,,,,,IMPLEMENTED,True,spectrum,calculate_spectral_features,family12-spectral-1.0.0,family12_spectral_48k_v1,dB,—,Sustained /a/,final reviewed patient speech/task region,Frames,private 48 kHz working waveform; canonical audio immutable,"{""working_sample_rate_hz"": 48000, ""window_ms"": 25, ""hop_ms"": 10, ""n_fft"": 2048, ""center"": false, ""minimum_frames"": 10, ""library"": ""librosa"", ""library_version"": ""0.11.0"", ""fmin_hz"": 200, ""n_bands"": 6, ""quantile"": 0.02, ""linear"": false, ""input"": ""STFT magnitude"", ""log_convention"": ""librosa power_to_db(peak) - power_to_db(valley)"", ""aggregation"": ""mean per band""}",Frozen explicit Family 12 estimator,final reviewed segmentation,recording scalar,MFCC/spectral native audit,NaN with per-feature failure reason on unmet prerequisite or invalid result,mixed result + family run manifest + native audit where available,test_family12_spectral.py; selected-only mixed tests,NOT_DONE,Transition-sensitive spectral flux can include artificial joins between reviewed speech spans; inspect other descriptors and source parity.,SOURCE_DEFINED_ID
LEAF,72,C072,F13,"Nonlinear complexity, rhythm and regularity composites",Pitch period entropy (PPE),ppe_source_replication_only,NOT ESTABLISHED,,,,,,,,,False,,,,,,,,,,,,,,NOT_DONE,,,,,,,NOT_IMPLEMENTED,False,none,none,not_implemented,not_frozen,bits,0–log2(31) bits,Sustained /a/,stable sustained-vowel F0 contour; 31-bin whitened residual histogram,stable sustained-vowel F0 contour,not applicable / not frozen,{},-sum(p_i * log2(p_i)) across 31 residual bins,canonical audio / task metadata,no executable output,no executable artifact,Not selectable,mixed result + family run manifest + native audit where available,not executable; registry/closure check,NOT_DONE,Source/definition not complete,SOURCE_DEFINED_ID
LEAF,77,C077,F13,"Nonlinear complexity, rhythm and regularity composites",Articulatory dynamics marker (complexity + rate of vocal-tract movement),dynamics_det_dmfcc_components,LIMITED,,,,,,,,,False,,,,,,,,,,,,,,NOT_DONE,,,,,,,NOT_IMPLEMENTED,False,none,none,not_implemented,not_frozen,source-specific,—,Bamboo,first 13 delta-MFCCs in source 1-s segments plus source-defined articulation rate,sentence / source stationary segments,not applicable / not frozen,{},"factor = w^T z([delta-MFCC DET, articulation rate]) + b",canonical audio / task metadata,no executable output,no executable artifact,Not selectable,mixed result + family run manifest + native audit where available,not executable; registry/closure check,NOT_DONE,Source/definition not complete,SOURCE_DEFINED_ID
LEAF,77,C077,F13,"Nonlinear complexity, rhythm and regularity composites",Articulatory dynamics marker (complexity + rate of vocal-tract movement),dynamics_articulation_rate,LIMITED,,,,,,,,,False,,,,,,,,,,,,,,NOT_DONE,,,,,,,NOT_IMPLEMENTED,False,none,none,not_implemented,not_frozen,source-specific,—,Bamboo,first 13 delta-MFCCs in source 1-s segments plus source-defined articulation rate,sentence / source stationary segments,not applicable / not frozen,{},"factor = w^T z([delta-MFCC DET, articulation rate]) + b",canonical audio / task metadata,no executable output,no executable artifact,Not selectable,mixed result + family run manifest + native audit where available,not executable; registry/closure check,NOT_DONE,Source/definition not complete,SOURCE_DEFINED_ID
LEAF,77,C077,F13,"Nonlinear complexity, rhythm and regularity composites",Articulatory dynamics marker (complexity + rate of vocal-tract movement),dynamics_factor_if_frozen,LIMITED,,,,,,,,,False,,,,,,,,,,,,,,NOT_DONE,,,,,,,NOT_IMPLEMENTED,False,none,none,not_implemented,not_frozen,z-score,—,Bamboo,first 13 delta-MFCCs in source 1-s segments plus source-defined articulation rate,sentence / source stationary segments,not applicable / not frozen,{},"factor = w^T z([delta-MFCC DET, articulation rate]) + b",canonical audio / task metadata,no executable output,no executable artifact,Not selectable,mixed result + family run manifest + native audit where available,not executable; registry/closure check,NOT_DONE,Source/definition not complete,SOURCE_DEFINED_ID
LEAF,78,C078,F13,"Nonlinear complexity, rhythm and regularity composites",Rhythmic modulation marker (composite),rhythm_factor_if_frozen,LIMITED,,,,,,,,,False,,,,,,,,,,,,,,NOT_DONE,,,,,,,NOT_IMPLEMENTED,False,none,none,not_implemented,not_frozen,z-score,—,Bamboo,source-defined critical-band Hilbert envelopes of connected speech,connected-speech segment,not applicable / not frozen,{},factor = w^T z(modulation-depth and phase-synchrony components) + b,canonical audio / task metadata,no executable output,no executable artifact,Not selectable,mixed result + family run manifest + native audit where available,not executable; registry/closure check,NOT_DONE,Source/definition not complete,SOURCE_DEFINED_ID
LEAF,79,C079,F13,"Nonlinear complexity, rhythm and regularity composites",Speech regularity marker (composite),regularity_visibility_density,LIMITED,,,,,,,,,False,,,,,,,,,,,,,,NOT_DONE,,,,,,,NOT_IMPLEMENTED,False,none,none,not_implemented,not_frozen,source-specific,—,Bamboo,source 10-ms local-SD series and selected critical-band envelopes,sentence-level connected speech,not applicable / not frozen,{},"factor = w^T z([visibility density, selected PSI components]) + b",canonical audio / task metadata,no executable output,no executable artifact,Not selectable,mixed result + family run manifest + native audit where available,not executable; registry/closure check,NOT_DONE,Source/definition not complete,SOURCE_DEFINED_ID
LEAF,79,C079,F13,"Nonlinear complexity, rhythm and regularity composites",Speech regularity marker (composite),regularity_psi_components,LIMITED,,,,,,,,,False,,,,,,,,,,,,,,NOT_DONE,,,,,,,NOT_IMPLEMENTED,False,none,none,not_implemented,not_frozen,source-specific,—,Bamboo,source 10-ms local-SD series and selected critical-band envelopes,sentence-level connected speech,not applicable / not frozen,{},"factor = w^T z([visibility density, selected PSI components]) + b",canonical audio / task metadata,no executable output,no executable artifact,Not selectable,mixed result + family run manifest + native audit where available,not executable; registry/closure check,NOT_DONE,Source/definition not complete,SOURCE_DEFINED_ID
LEAF,79,C079,F13,"Nonlinear complexity, rhythm and regularity composites",Speech regularity marker (composite),regularity_factor_if_frozen,LIMITED,,,,,,,,,False,,,,,,,,,,,,,,NOT_DONE,,,,,,,NOT_IMPLEMENTED,False,none,none,not_implemented,not_frozen,z-score,—,Bamboo,source 10-ms local-SD series and selected critical-band envelopes,sentence-level connected speech,not applicable / not frozen,{},"factor = w^T z([visibility density, selected PSI components]) + b",canonical audio / task metadata,no executable output,no executable artifact,Not selectable,mixed result + family run manifest + native audit where available,not executable; registry/closure check,NOT_DONE,Source/definition not complete,SOURCE_DEFINED_ID
TEMPLATE,34,C034,F05,Formant dynamics,Formant frequency range (diphthong),f1_range_<diphthong>_hz,,,,,,,,,,False,,,,,,,,,,,,,,NOT_DONE,,,,,,,UNRESOLVED_TEMPLATE,False,none,internal helper only if available,,,,,,,,,,,ALIGNMENT; FORMANT_TARGET,,,,,,NOT_DONE,"Diphthong, glide exclusions and concrete ID not frozen.",PROJECT_TEMPLATE
TEMPLATE,33,C033,F05,Formant dynamics,Formant transition slope (F1/F2 slope),f1_slope_<target>_hz_s,,,,,,,,,,False,,,,,,,,,,,,,,NOT_DONE,,,,,,,UNRESOLVED_TEMPLATE,False,none,internal helper only if available,,,,,,,,,,,ALIGNMENT; FORMANT_TARGET,,,,,,NOT_DONE,"Target/task, transition window and concrete ID not frozen.",PROJECT_TEMPLATE
TEMPLATE,34,C034,F05,Formant dynamics,Formant frequency range (diphthong),f2_range_<diphthong>_hz,,,,,,,,,,False,,,,,,,,,,,,,,NOT_DONE,,,,,,,UNRESOLVED_TEMPLATE,False,none,internal helper only if available,,,,,,,,,,,ALIGNMENT; FORMANT_TARGET,,,,,,NOT_DONE,"Diphthong, glide exclusions and concrete ID not frozen.",PROJECT_TEMPLATE
TEMPLATE,33,C033,F05,Formant dynamics,Formant transition slope (F1/F2 slope),f2_slope_<target>_hz_s,,,,,,,,,,False,,,,,,,,,,,,,,NOT_DONE,,,,,,,UNRESOLVED_TEMPLATE,False,none,internal helper only if available,,,,,,,,,,,ALIGNMENT; FORMANT_TARGET,,,,,,NOT_DONE,"Target/task, transition window and concrete ID not frozen.",PROJECT_TEMPLATE
TEMPLATE,38,C038,F06,Segmental articulatory / phonetic contrasts,Fricative/affricate noise duration,noise_duration_<target>_s,,,,,,,,,,False,,,,,,,,,,,,,,NOT_DONE,,,,,,,UNRESOLVED_TEMPLATE,False,none,internal helper only if available,,,,,,,,,,,ACOUSTIC_SUBEVENT_ANNOTATION; SEGMENTAL_TARGET,,,,,,NOT_DONE,Target and validated acoustic noise onset/offset definition not frozen.,PROJECT_TEMPLATE
TEMPLATE,39,C039,F06,Segmental articulatory / phonetic contrasts,Noise energy rise time,noise_rise_time_<definition>_s,,,,,,,,,,False,,,,,,,,,,,,,,NOT_DONE,,,,,,,UNRESOLVED_TEMPLATE,False,none,internal helper only if available,,,,,,,,,,,ACOUSTIC_SUBEVENT_ANNOTATION; SEGMENTAL_TARGET,,,,,,NOT_DONE,Source rise endpoints/level criterion and concrete ID not disclosed.,PROJECT_TEMPLATE
TEMPLATE,40,C040,F06,Segmental articulatory / phonetic contrasts,Normalized temporal contrast (long-short vowels),normalized_duration_contrast_<A>_<B>,,,,,,,,,,False,,,,,,,,,,,,,,NOT_DONE,,,,,,,UNRESOLVED_TEMPLATE,False,none,internal helper only if available,,,,,,,,,,,ACOUSTIC_SUBEVENT_ANNOTATION; SEGMENTAL_TARGET,,,,,,NOT_DONE,"A/B targets, task, pairing rule and concrete ID not frozen.",PROJECT_TEMPLATE
TEMPLATE,74,C074,F13,"Nonlinear complexity, rhythm and regularity composites",Spectral entropy marker (WPD Shannon entropy),psd_spectral_entropy_<config>,,,,,,,,,,False,,,,,,,,,,,,,,NOT_DONE,,,,,,,UNRESOLVED_TEMPLATE,False,none,internal helper only if available,,,,,,,,,,,OTHER; OTHER,,,,,,NOT_DONE,"WPD wavelet, level, extension, node selection, energy normalization and log base; PSD estimator, frequency range, framing, normalization and aggregation.",PROJECT_TEMPLATE
TEMPLATE,78,C078,F13,"Nonlinear complexity, rhythm and regularity composites",Rhythmic modulation marker (composite),rhythm_moddepth_<band>,,,,,,,,,,False,,,,,,,,,,,,,,NOT_DONE,,,,,,,UNRESOLVED_TEMPLATE,False,none,internal helper only if available,,,,,,,,,,,OTHER; OTHER,,,,,,NOT_DONE,"Complete critical-band inventory, envelope/modulation-depth convention, PSI coupling, normalization, pause handling, aggregation and factor scaling/loadings.",PROJECT_TEMPLATE
TEMPLATE,78,C078,F13,"Nonlinear complexity, rhythm and regularity composites",Rhythmic modulation marker (composite),rhythm_psi_<coupling>,,,,,,,,,,False,,,,,,,,,,,,,,NOT_DONE,,,,,,,UNRESOLVED_TEMPLATE,False,none,internal helper only if available,,,,,,,,,,,OTHER; OTHER,,,,,,NOT_DONE,"Complete critical-band inventory, envelope/modulation-depth convention, PSI coupling, normalization, pause handling, aggregation and factor scaling/loadings.",PROJECT_TEMPLATE
TEMPLATE,76,C076,F13,"Nonlinear complexity, rhythm and regularity composites",Acoustic complexity marker (RQA determinism of MFCCs),rqa_det_mfcc<k>_<config>,,,,,,,,,,False,,,,,,,,,,,,,,NOT_DONE,,,,,,,UNRESOLVED_TEMPLATE,False,none,internal helper only if available,,,,,,,,,,,OTHER; OTHER,,,,,,NOT_DONE,"Coefficient selection, normalization, embedding, delay, metric, recurrence rule, Theiler window, minimum diagonal length and aggregation. Suggested m=3/tau=5/eps=0.2 is only an engineering bridge.",PROJECT_TEMPLATE
TEMPLATE,73,C073,F13,"Nonlinear complexity, rhythm and regularity composites",Signal entropy,sample_entropy_<config>,,,,,,,,,,False,,,,,,,,,,,,,,NOT_DONE,,,,,,,UNRESOLVED_TEMPLATE,False,none,internal helper only if available,,,,,,,,,,,OTHER; OTHER,,,,,,NOT_DONE,"Shannon representation, discretization/bins, log base and aggregation; sample-entropy m, r, tolerance scaling, distance metric, minimum length and aggregation.",PROJECT_TEMPLATE
TEMPLATE,73,C073,F13,"Nonlinear complexity, rhythm and regularity composites",Signal entropy,shannon_signal_entropy_<config>,,,,,,,,,,False,,,,,,,,,,,,,,NOT_DONE,,,,,,,UNRESOLVED_TEMPLATE,False,none,internal helper only if available,,,,,,,,,,,OTHER; OTHER,,,,,,NOT_DONE,"Shannon representation, discretization/bins, log base and aggregation; sample-entropy m, r, tolerance scaling, distance metric, minimum length and aggregation.",PROJECT_TEMPLATE
TEMPLATE,32,C032,F04,Formant and vowel-space measures,"Vowel dispersion measures (mean, front, back, corner, global)",vowel_dispersion_<variant>_hz,,,,,,,,,,False,,,,,,,,,,,,,,NOT_DONE,,,,,,,UNRESOLVED_TEMPLATE,False,none,internal helper only if available,,,,,,,,,,,ALIGNMENT; OTHER,,,,,,NOT_DONE,"Vowel inventory, dispersion variant, aggregation and concrete ID not frozen.",PROJECT_TEMPLATE
TEMPLATE,30,C030,F04,Formant and vowel-space measures,Vowel F1/F2 Euclidean distance,vowel_distance_<x>_<y>_hz,,,,,,,,,,False,,,,,,,,,,,,,,NOT_DONE,,,,,,,UNRESOLVED_TEMPLATE,False,none,internal helper only if available,,,,,,,,,,,ALIGNMENT; OTHER,,,,,,NOT_DONE,"Vowel pair, task, coordinate scale and concrete ID not frozen.",PROJECT_TEMPLATE
TEMPLATE,75,C075,F13,"Nonlinear complexity, rhythm and regularity composites",Wavelet sub-band energy (multi-resolution),wavelet_energy_<wavelet>_L<level>_<node>,,,,,,,,,,False,,,,,,,,,,,,,,NOT_DONE,,,,,,,UNRESOLVED_TEMPLATE,False,none,internal helper only if available,,,,,,,,,,,OTHER; OTHER,,,,,,NOT_DONE,"Wavelet, level, node, boundary mode, normalized versus absolute energy, analysis region and aggregation are not frozen.",PROJECT_TEMPLATE
TEMPLATE,74,C074,F13,"Nonlinear complexity, rhythm and regularity composites",Spectral entropy marker (WPD Shannon entropy),wpd_shannon_entropy_<wavelet>_L<level>,,,,,,,,,,False,,,,,,,,,,,,,,NOT_DONE,,,,,,,UNRESOLVED_TEMPLATE,False,none,internal helper only if available,,,,,,,,,,,OTHER; OTHER,,,,,,NOT_DONE,"WPD wavelet, level, extension, node selection, energy normalization and log base; PSD estimator, frequency range, framing, normalization and aggregation.",PROJECT_TEMPLATE
